Ruta Frontend,URL Cloudinary,Categoría,Archivo
"/icons/alimentaires/alimentaires.png","https://res.cloudinary.com/dfjipgj2o/image/upload/marketplace/icons/alimentaires/alimentaires.png","alimentaires","alimentaires.png"
"/icons/alimentaires/aliments-bebe.png","https://res.cloudinary.com/dfjipgj2o/image/upload/marketplace/icons/alimentaires/aliments-bebe.png","alimentaires","aliments-bebe.png"
"/icons/alimentaires/aliments-dietetiques.png","https://res.cloudinary.com/dfjipgj2o/image/upload/marketplace/icons/alimentaires/aliments-dietetiques.png","alimentaires","aliments-dietetiques.png"
"/icons/alimentaires/autre-alimentaires.png","https://res.cloudinary.com/dfjipgj2o/image/upload/marketplace/icons/alimentaires/autre-alimentaires.png","alimentaires","autre-alimentaires.png"
"/icons/alimentaires/ble-farine.png","https://res.cloudinary.com/dfjipgj2o/image/upload/marketplace/icons/alimentaires/ble-farine.png","alimentaires","ble-farine.png"
"/icons/alimentaires/boissons.png","https://res.cloudinary.com/dfjipgj2o/image/upload/marketplace/icons/alimentaires/boissons.png","alimentaires","boissons.png"
"/icons/alimentaires/bonbons-chocolat.png","https://res.cloudinary.com/dfjipgj2o/image/upload/marketplace/icons/alimentaires/bonbons-chocolat.png","alimentaires","bonbons-chocolat.png"
"/icons/alimentaires/boulangerie-viennoiserie.png","https://res.cloudinary.com/dfjipgj2o/image/upload/marketplace/icons/alimentaires/boulangerie-viennoiserie.png","alimentaires","boulangerie-viennoiserie.png"
"/icons/alimentaires/cafe-the-infusion.png","https://res.cloudinary.com/dfjipgj2o/image/upload/marketplace/icons/alimentaires/cafe-the-infusion.png","alimentaires","cafe-the-infusion.png"
"/icons/alimentaires/complements-alimentaires.png","https://res.cloudinary.com/dfjipgj2o/image/upload/marketplace/icons/alimentaires/complements-alimentaires.png","alimentaires","complements-alimentaires.png"
"/icons/alimentaires/emballage.png","https://res.cloudinary.com/dfjipgj2o/image/upload/marketplace/icons/alimentaires/emballage.png","alimentaires","emballage.png"
"/icons/alimentaires/fruits-legumes.png","https://res.cloudinary.com/dfjipgj2o/image/upload/marketplace/icons/alimentaires/fruits-legumes.png","alimentaires","fruits-legumes.png"
"/icons/alimentaires/fruits-secs.png","https://res.cloudinary.com/dfjipgj2o/image/upload/marketplace/icons/alimentaires/fruits-secs.png","alimentaires","fruits-secs.png"
"/icons/alimentaires/gateaux.png","https://res.cloudinary.com/dfjipgj2o/image/upload/marketplace/icons/alimentaires/gateaux.png","alimentaires","gateaux.png"
"/icons/alimentaires/graines-riz-cereales.png","https://res.cloudinary.com/dfjipgj2o/image/upload/marketplace/icons/alimentaires/graines-riz-cereales.png","alimentaires","graines-riz-cereales.png"
"/icons/alimentaires/huiles.png","https://res.cloudinary.com/dfjipgj2o/image/upload/marketplace/icons/alimentaires/huiles.png","alimentaires","huiles.png"
"/icons/alimentaires/ingredients-cuisine-patisserie.png","https://res.cloudinary.com/dfjipgj2o/image/upload/marketplace/icons/alimentaires/ingredients-cuisine-patisserie.png","alimentaires","ingredients-cuisine-patisserie.png"
"/icons/alimentaires/miel-derives.png","https://res.cloudinary.com/dfjipgj2o/image/upload/marketplace/icons/alimentaires/miel-derives.png","alimentaires","miel-derives.png"
"/icons/alimentaires/noix-graines.png","https://res.cloudinary.com/dfjipgj2o/image/upload/marketplace/icons/alimentaires/noix-graines.png","alimentaires","noix-graines.png"
"/icons/alimentaires/oeufs.png","https://res.cloudinary.com/dfjipgj2o/image/upload/marketplace/icons/alimentaires/oeufs.png","alimentaires","oeufs.png"
"/icons/alimentaires/pates.png","https://res.cloudinary.com/dfjipgj2o/image/upload/marketplace/icons/alimentaires/pates.png","alimentaires","pates.png"
"/icons/alimentaires/plats-cuisines.png","https://res.cloudinary.com/dfjipgj2o/image/upload/marketplace/icons/alimentaires/plats-cuisines.png","alimentaires","plats-cuisines.png"
"/icons/alimentaires/produits-laitiers.png","https://res.cloudinary.com/dfjipgj2o/image/upload/marketplace/icons/alimentaires/produits-laitiers.png","alimentaires","produits-laitiers.png"
"/icons/alimentaires/sauces-epices-condiments.png","https://res.cloudinary.com/dfjipgj2o/image/upload/marketplace/icons/alimentaires/sauces-epices-condiments.png","alimentaires","sauces-epices-condiments.png"
"/icons/alimentaires/sucres-produits-sucres.png","https://res.cloudinary.com/dfjipgj2o/image/upload/marketplace/icons/alimentaires/sucres-produits-sucres.png","alimentaires","sucres-produits-sucres.png"
"/icons/alimentaires/viandes-poissons.png","https://res.cloudinary.com/dfjipgj2o/image/upload/marketplace/icons/alimentaires/viandes-poissons.png","alimentaires","viandes-poissons.png"
"/icons/boutiques/boutique-alimentaire.png","https://res.cloudinary.com/dfjipgj2o/image/upload/marketplace/icons/boutiques/boutique-alimentaire.png","boutiques","boutique-alimentaire.png"
"/icons/boutiques/boutique-electromenager.png","https://res.cloudinary.com/dfjipgj2o/image/upload/marketplace/icons/boutiques/boutique-electromenager.png","boutiques","boutique-electromenager.png"
"/icons/boutiques/boutique-emploi.png","https://res.cloudinary.com/dfjipgj2o/image/upload/marketplace/icons/boutiques/boutique-emploi.png","boutiques","boutique-emploi.png"
"/icons/boutiques/boutique-immobilier.png","https://res.cloudinary.com/dfjipgj2o/image/upload/marketplace/icons/boutiques/boutique-immobilier.png","boutiques","boutique-immobilier.png"
"/icons/boutiques/boutique-informatique.png","https://res.cloudinary.com/dfjipgj2o/image/upload/marketplace/icons/boutiques/boutique-informatique.png","boutiques","boutique-informatique.png"
"/icons/boutiques/boutique-loisirs.png","https://res.cloudinary.com/dfjipgj2o/image/upload/marketplace/icons/boutiques/boutique-loisirs.png","boutiques","boutique-loisirs.png"
"/icons/boutiques/boutique-materiaux.png","https://res.cloudinary.com/dfjipgj2o/image/upload/marketplace/icons/boutiques/boutique-materiaux.png","boutiques","boutique-materiaux.png"
"/icons/boutiques/boutique-meubles.png","https://res.cloudinary.com/dfjipgj2o/image/upload/marketplace/icons/boutiques/boutique-meubles.png","boutiques","boutique-meubles.png"
"/icons/boutiques/boutique-pieces-detachees.png","https://res.cloudinary.com/dfjipgj2o/image/upload/marketplace/icons/boutiques/boutique-pieces-detachees.png","boutiques","boutique-pieces-detachees.png"
"/icons/boutiques/boutique-sante-beaute.png","https://res.cloudinary.com/dfjipgj2o/image/upload/marketplace/icons/boutiques/boutique-sante-beaute.png","boutiques","boutique-sante-beaute.png"
"/icons/boutiques/boutique-services.png","https://res.cloudinary.com/dfjipgj2o/image/upload/marketplace/icons/boutiques/boutique-services.png","boutiques","boutique-services.png"
"/icons/boutiques/boutique-sport.png","https://res.cloudinary.com/dfjipgj2o/image/upload/marketplace/icons/boutiques/boutique-sport.png","boutiques","boutique-sport.png"
"/icons/boutiques/boutique-telephone.png","https://res.cloudinary.com/dfjipgj2o/image/upload/marketplace/icons/boutiques/boutique-telephone.png","boutiques","boutique-telephone.png"
"/icons/boutiques/boutique-vehicules.png","https://res.cloudinary.com/dfjipgj2o/image/upload/marketplace/icons/boutiques/boutique-vehicules.png","boutiques","boutique-vehicules.png"
"/icons/boutiques/boutique-vetements.png","https://res.cloudinary.com/dfjipgj2o/image/upload/marketplace/icons/boutiques/boutique-vetements.png","boutiques","boutique-vetements.png"
"/icons/boutiques/boutique-voyages.png","https://res.cloudinary.com/dfjipgj2o/image/upload/marketplace/icons/boutiques/boutique-voyages.png","boutiques","boutique-voyages.png"
"/icons/boutiques/boutiques.png","https://res.cloudinary.com/dfjipgj2o/image/upload/marketplace/icons/boutiques/boutiques.png","boutiques","boutiques.png"
"/icons/electromenager/abonnements-iptv.png","https://res.cloudinary.com/dfjipgj2o/image/upload/marketplace/icons/electromenager/abonnements-iptv.png","electromenager","abonnements-iptv.png"
"/icons/electromenager/appareils-cuisine/bouilloire.png","https://res.cloudinary.com/dfjipgj2o/image/upload/marketplace/icons/electromenager/appareils-cuisine/bouilloire.png","electromenager","bouilloire.png"
"/icons/electromenager/appareils-cuisine/cafetiere.png","https://res.cloudinary.com/dfjipgj2o/image/upload/marketplace/icons/electromenager/appareils-cuisine/cafetiere.png","electromenager","cafetiere.png"
"/icons/electromenager/appareils-cuisine/grille-pain.png","https://res.cloudinary.com/dfjipgj2o/image/upload/marketplace/icons/electromenager/appareils-cuisine/grille-pain.png","electromenager","grille-pain.png"
"/icons/electromenager/appareils-cuisine/mixeur.png","https://res.cloudinary.com/dfjipgj2o/image/upload/marketplace/icons/electromenager/appareils-cuisine/mixeur.png","electromenager","mixeur.png"
"/icons/electromenager/appareils-cuisine/robot-cuisine.png","https://res.cloudinary.com/dfjipgj2o/image/upload/marketplace/icons/electromenager/appareils-cuisine/robot-cuisine.png","electromenager","robot-cuisine.png"
"/icons/electromenager/appareils-cuisine.png","https://res.cloudinary.com/dfjipgj2o/image/upload/marketplace/icons/electromenager/appareils-cuisine.png","electromenager","appareils-cuisine.png"
"/icons/electromenager/aspirateurs-nettoyeurs.png","https://res.cloudinary.com/dfjipgj2o/image/upload/marketplace/icons/electromenager/aspirateurs-nettoyeurs.png","electromenager","aspirateurs-nettoyeurs.png"
"/icons/electromenager/audio.png","https://res.cloudinary.com/dfjipgj2o/image/upload/marketplace/icons/electromenager/audio.png","electromenager","audio.png"
"/icons/electromenager/autre-electromenager.png","https://res.cloudinary.com/dfjipgj2o/image/upload/marketplace/icons/electromenager/autre-electromenager.png","electromenager","autre-electromenager.png"
"/icons/electromenager/beaute-hygiene.png","https://res.cloudinary.com/dfjipgj2o/image/upload/marketplace/icons/electromenager/beaute-hygiene.png","electromenager","beaute-hygiene.png"
"/icons/electromenager/cameras-accessories.png","https://res.cloudinary.com/dfjipgj2o/image/upload/marketplace/icons/electromenager/cameras-accessories.png","electromenager","cameras-accessories.png"
"/icons/electromenager/chauffage-climatisation/chauffe-eau.png","https://res.cloudinary.com/dfjipgj2o/image/upload/marketplace/icons/electromenager/chauffage-climatisation/chauffe-eau.png","electromenager","chauffe-eau.png"
"/icons/electromenager/chauffage-climatisation/climatiseur.png","https://res.cloudinary.com/dfjipgj2o/image/upload/marketplace/icons/electromenager/chauffage-climatisation/climatiseur.png","electromenager","climatiseur.png"
"/icons/electromenager/chauffage-climatisation/pompe-chaleur.png","https://res.cloudinary.com/dfjipgj2o/image/upload/marketplace/icons/electromenager/chauffage-climatisation/pompe-chaleur.png","electromenager","pompe-chaleur.png"
"/icons/electromenager/chauffage-climatisation/radiateur.png","https://res.cloudinary.com/dfjipgj2o/image/upload/marketplace/icons/electromenager/chauffage-climatisation/radiateur.png","electromenager","radiateur.png"
"/icons/electromenager/chauffage-climatisation/ventilateur.png","https://res.cloudinary.com/dfjipgj2o/image/upload/marketplace/icons/electromenager/chauffage-climatisation/ventilateur.png","electromenager","ventilateur.png"
"/icons/electromenager/chauffage-climatisation.png","https://res.cloudinary.com/dfjipgj2o/image/upload/marketplace/icons/electromenager/chauffage-climatisation.png","electromenager","chauffage-climatisation.png"
"/icons/electromenager/composants-electroniques.png","https://res.cloudinary.com/dfjipgj2o/image/upload/marketplace/icons/electromenager/composants-electroniques.png","electromenager","composants-electroniques.png"
"/icons/electromenager/demodulateurs-box-tv.png","https://res.cloudinary.com/dfjipgj2o/image/upload/marketplace/icons/electromenager/demodulateurs-box-tv.png","electromenager","demodulateurs-box-tv.png"
"/icons/electromenager/electromenager.png","https://res.cloudinary.com/dfjipgj2o/image/upload/marketplace/icons/electromenager/electromenager.png","electromenager","electromenager.png"
"/icons/electromenager/fours-cuisson/cuisiniere.png","https://res.cloudinary.com/dfjipgj2o/image/upload/marketplace/icons/electromenager/fours-cuisson/cuisiniere.png","electromenager","cuisiniere.png"
"/icons/electromenager/fours-cuisson/four-electrique.png","https://res.cloudinary.com/dfjipgj2o/image/upload/marketplace/icons/electromenager/fours-cuisson/four-electrique.png","electromenager","four-electrique.png"
"/icons/electromenager/fours-cuisson/four-gaz.png","https://res.cloudinary.com/dfjipgj2o/image/upload/marketplace/icons/electromenager/fours-cuisson/four-gaz.png","electromenager","four-gaz.png"
"/icons/electromenager/fours-cuisson/four-micro-ondes.png","https://res.cloudinary.com/dfjipgj2o/image/upload/marketplace/icons/electromenager/fours-cuisson/four-micro-ondes.png","electromenager","four-micro-ondes.png"
"/icons/electromenager/fours-cuisson/plaque-cuisson.png","https://res.cloudinary.com/dfjipgj2o/image/upload/marketplace/icons/electromenager/fours-cuisson/plaque-cuisson.png","electromenager","plaque-cuisson.png"
"/icons/electromenager/fours-cuisson.png","https://res.cloudinary.com/dfjipgj2o/image/upload/marketplace/icons/electromenager/fours-cuisson.png","electromenager","fours-cuisson.png"
"/icons/electromenager/lave-vaisselles/lave-vaisselle-compact.png","https://res.cloudinary.com/dfjipgj2o/image/upload/marketplace/icons/electromenager/lave-vaisselles/lave-vaisselle-compact.png","electromenager","lave-vaisselle-compact.png"
"/icons/electromenager/lave-vaisselles/lave-vaisselle-encastrable.png","https://res.cloudinary.com/dfjipgj2o/image/upload/marketplace/icons/electromenager/lave-vaisselles/lave-vaisselle-encastrable.png","electromenager","lave-vaisselle-encastrable.png"
"/icons/electromenager/lave-vaisselles/lave-vaisselle-poselibre.png","https://res.cloudinary.com/dfjipgj2o/image/upload/marketplace/icons/electromenager/lave-vaisselles/lave-vaisselle-poselibre.png","electromenager","lave-vaisselle-poselibre.png"
"/icons/electromenager/lave-vaisselles.png","https://res.cloudinary.com/dfjipgj2o/image/upload/marketplace/icons/electromenager/lave-vaisselles.png","electromenager","lave-vaisselles.png"
"/icons/electromenager/machines-coudre.png","https://res.cloudinary.com/dfjipgj2o/image/upload/marketplace/icons/electromenager/machines-coudre.png","electromenager","machines-coudre.png"
"/icons/electromenager/machines-laver/lave-linge-essorage.png","https://res.cloudinary.com/dfjipgj2o/image/upload/marketplace/icons/electromenager/machines-laver/lave-linge-essorage.png","electromenager","lave-linge-essorage.png"
"/icons/electromenager/machines-laver/lave-linge-seche-linge.png","https://res.cloudinary.com/dfjipgj2o/image/upload/marketplace/icons/electromenager/machines-laver/lave-linge-seche-linge.png","electromenager","lave-linge-seche-linge.png"
"/icons/electromenager/machines-laver/lave-linge.png","https://res.cloudinary.com/dfjipgj2o/image/upload/marketplace/icons/electromenager/machines-laver/lave-linge.png","electromenager","lave-linge.png"
"/icons/electromenager/machines-laver/seche-linge.png","https://res.cloudinary.com/dfjipgj2o/image/upload/marketplace/icons/electromenager/machines-laver/seche-linge.png","electromenager","seche-linge.png"
"/icons/electromenager/machines-laver.png","https://res.cloudinary.com/dfjipgj2o/image/upload/marketplace/icons/electromenager/machines-laver.png","electromenager","machines-laver.png"
"/icons/electromenager/paraboles-switch-tv.png","https://res.cloudinary.com/dfjipgj2o/image/upload/marketplace/icons/electromenager/paraboles-switch-tv.png","electromenager","paraboles-switch-tv.png"
"/icons/electromenager/pieces-rechange.png","https://res.cloudinary.com/dfjipgj2o/image/upload/marketplace/icons/electromenager/pieces-rechange.png","electromenager","pieces-rechange.png"
"/icons/electromenager/refrigerateurs-congelateurs/cave-vin.png","https://res.cloudinary.com/dfjipgj2o/image/upload/marketplace/icons/electromenager/refrigerateurs-congelateurs/cave-vin.png","electromenager","cave-vin.png"
"/icons/electromenager/refrigerateurs-congelateurs/congelateur.png","https://res.cloudinary.com/dfjipgj2o/image/upload/marketplace/icons/electromenager/refrigerateurs-congelateurs/congelateur.png","electromenager","congelateur.png"
"/icons/electromenager/refrigerateurs-congelateurs/refrigerateur-congelateur.png","https://res.cloudinary.com/dfjipgj2o/image/upload/marketplace/icons/electromenager/refrigerateurs-congelateurs/refrigerateur-congelateur.png","electromenager","refrigerateur-congelateur.png"
"/icons/electromenager/refrigerateurs-congelateurs/refrigerateur.png","https://res.cloudinary.com/dfjipgj2o/image/upload/marketplace/icons/electromenager/refrigerateurs-congelateurs/refrigerateur.png","electromenager","refrigerateur.png"
"/icons/electromenager/refrigerateurs-congelateurs.png","https://res.cloudinary.com/dfjipgj2o/image/upload/marketplace/icons/electromenager/refrigerateurs-congelateurs.png","electromenager","refrigerateurs-congelateurs.png"
"/icons/electromenager/repassage.png","https://res.cloudinary.com/dfjipgj2o/image/upload/marketplace/icons/electromenager/repassage.png","electromenager","repassage.png"
"/icons/electromenager/securite-gps.png","https://res.cloudinary.com/dfjipgj2o/image/upload/marketplace/icons/electromenager/securite-gps.png","electromenager","securite-gps.png"
"/icons/electromenager/telecommandes.png","https://res.cloudinary.com/dfjipgj2o/image/upload/marketplace/icons/electromenager/telecommandes.png","electromenager","telecommandes.png"
"/icons/electromenager/televiseurs.png","https://res.cloudinary.com/dfjipgj2o/image/upload/marketplace/icons/electromenager/televiseurs.png","electromenager","televiseurs.png"
"/icons/emploi/autres-services-emploi.png","https://res.cloudinary.com/dfjipgj2o/image/upload/marketplace/icons/emploi/autres-services-emploi.png","emploi","autres-services-emploi.png"
"/icons/emploi/demandes-emploi.png","https://res.cloudinary.com/dfjipgj2o/image/upload/marketplace/icons/emploi/demandes-emploi.png","emploi","demandes-emploi.png"
"/icons/emploi/emploi.png","https://res.cloudinary.com/dfjipgj2o/image/upload/marketplace/icons/emploi/emploi.png","emploi","emploi.png"
"/icons/emploi/offres-emploi.png","https://res.cloudinary.com/dfjipgj2o/image/upload/marketplace/icons/emploi/offres-emploi.png","emploi","offres-emploi.png"
"/icons/immobilier/cherche-achat/appartement-cherche-achat.png","https://res.cloudinary.com/dfjipgj2o/image/upload/marketplace/icons/immobilier/cherche-achat/appartement-cherche-achat.png","immobilier","appartement-cherche-achat.png"
"/icons/immobilier/cherche-achat/appartements.png","https://res.cloudinary.com/dfjipgj2o/image/upload/marketplace/icons/immobilier/cherche-achat/appartements.png","immobilier","appartements.png"
"/icons/immobilier/cherche-achat/autre-cherche-achat.png","https://res.cloudinary.com/dfjipgj2o/image/upload/marketplace/icons/immobilier/cherche-achat/autre-cherche-achat.png","immobilier","autre-cherche-achat.png"
"/icons/immobilier/cherche-achat/bungalow-cherche-achat.png","https://res.cloudinary.com/dfjipgj2o/image/upload/marketplace/icons/immobilier/cherche-achat/bungalow-cherche-achat.png","immobilier","bungalow-cherche-achat.png"
"/icons/immobilier/cherche-achat/hangar-usine-cherche-achat.png","https://res.cloudinary.com/dfjipgj2o/image/upload/marketplace/icons/immobilier/cherche-achat/hangar-usine-cherche-achat.png","immobilier","hangar-usine-cherche-achat.png"
"/icons/immobilier/cherche-achat/immeuble-cherche-achat.png","https://res.cloudinary.com/dfjipgj2o/image/upload/marketplace/icons/immobilier/cherche-achat/immeuble-cherche-achat.png","immobilier","immeuble-cherche-achat.png"
"/icons/immobilier/cherche-achat/local-cherche-achat.png","https://res.cloudinary.com/dfjipgj2o/image/upload/marketplace/icons/immobilier/cherche-achat/local-cherche-achat.png","immobilier","local-cherche-achat.png"
"/icons/immobilier/cherche-achat/terrain-agricole-cherche-achat.png","https://res.cloudinary.com/dfjipgj2o/image/upload/marketplace/icons/immobilier/cherche-achat/terrain-agricole-cherche-achat.png","immobilier","terrain-agricole-cherche-achat.png"
"/icons/immobilier/cherche-achat/terrain-cherche-achat.png","https://res.cloudinary.com/dfjipgj2o/image/upload/marketplace/icons/immobilier/cherche-achat/terrain-cherche-achat.png","immobilier","terrain-cherche-achat.png"
"/icons/immobilier/cherche-achat/villa-cherche-achat.png","https://res.cloudinary.com/dfjipgj2o/image/upload/marketplace/icons/immobilier/cherche-achat/villa-cherche-achat.png","immobilier","villa-cherche-achat.png"
"/icons/immobilier/cherche-achat.png","https://res.cloudinary.com/dfjipgj2o/image/upload/marketplace/icons/immobilier/cherche-achat.png","immobilier","cherche-achat.png"
"/icons/immobilier/cherche-location/appartement-cherche-location.png","https://res.cloudinary.com/dfjipgj2o/image/upload/marketplace/icons/immobilier/cherche-location/appartement-cherche-location.png","immobilier","appartement-cherche-location.png"
"/icons/immobilier/cherche-location/autre-cherche-location.png","https://res.cloudinary.com/dfjipgj2o/image/upload/marketplace/icons/immobilier/cherche-location/autre-cherche-location.png","immobilier","autre-cherche-location.png"
"/icons/immobilier/cherche-location/bungalow-cherche-location.png","https://res.cloudinary.com/dfjipgj2o/image/upload/marketplace/icons/immobilier/cherche-location/bungalow-cherche-location.png","immobilier","bungalow-cherche-location.png"
"/icons/immobilier/cherche-location/immeuble-cherche-location.png","https://res.cloudinary.com/dfjipgj2o/image/upload/marketplace/icons/immobilier/cherche-location/immeuble-cherche-location.png","immobilier","immeuble-cherche-location.png"
"/icons/immobilier/cherche-location/local-cherche-location.png","https://res.cloudinary.com/dfjipgj2o/image/upload/marketplace/icons/immobilier/cherche-location/local-cherche-location.png","immobilier","local-cherche-location.png"
"/icons/immobilier/cherche-location/villa-cherche-location.png","https://res.cloudinary.com/dfjipgj2o/image/upload/marketplace/icons/immobilier/cherche-location/villa-cherche-location.png","immobilier","villa-cherche-location.png"
"/icons/immobilier/cherche-location.png","https://res.cloudinary.com/dfjipgj2o/image/upload/marketplace/icons/immobilier/cherche-location.png","immobilier","cherche-location.png"
"/icons/immobilier/immobilier.png","https://res.cloudinary.com/dfjipgj2o/image/upload/marketplace/icons/immobilier/immobilier.png","immobilier","immobilier.png"
"/icons/immobilier/location/appartement-location.png","https://res.cloudinary.com/dfjipgj2o/image/upload/marketplace/icons/immobilier/location/appartement-location.png","immobilier","appartement-location.png"
"/icons/immobilier/location/autre-location.png","https://res.cloudinary.com/dfjipgj2o/image/upload/marketplace/icons/immobilier/location/autre-location.png","immobilier","autre-location.png"
"/icons/immobilier/location/bungalow-location.png","https://res.cloudinary.com/dfjipgj2o/image/upload/marketplace/icons/immobilier/location/bungalow-location.png","immobilier","bungalow-location.png"
"/icons/immobilier/location/immeuble-location.png","https://res.cloudinary.com/dfjipgj2o/image/upload/marketplace/icons/immobilier/location/immeuble-location.png","immobilier","immeuble-location.png"
"/icons/immobilier/location/local-location.png","https://res.cloudinary.com/dfjipgj2o/image/upload/marketplace/icons/immobilier/location/local-location.png","immobilier","local-location.png"
"/icons/immobilier/location/villa-location.png","https://res.cloudinary.com/dfjipgj2o/image/upload/marketplace/icons/immobilier/location/villa-location.png","immobilier","villa-location.png"
"/icons/immobilier/location-vacances/appartement-vacances.png","https://res.cloudinary.com/dfjipgj2o/image/upload/marketplace/icons/immobilier/location-vacances/appartement-vacances.png","immobilier","appartement-vacances.png"
"/icons/immobilier/location-vacances/autre-vacances.png","https://res.cloudinary.com/dfjipgj2o/image/upload/marketplace/icons/immobilier/location-vacances/autre-vacances.png","immobilier","autre-vacances.png"
"/icons/immobilier/location-vacances/bungalow-vacances.png","https://res.cloudinary.com/dfjipgj2o/image/upload/marketplace/icons/immobilier/location-vacances/bungalow-vacances.png","immobilier","bungalow-vacances.png"
"/icons/immobilier/location-vacances/villa-vacances.png","https://res.cloudinary.com/dfjipgj2o/image/upload/marketplace/icons/immobilier/location-vacances/villa-vacances.png","immobilier","villa-vacances.png"
"/icons/immobilier/location-vacances.png","https://res.cloudinary.com/dfjipgj2o/image/upload/marketplace/icons/immobilier/location-vacances.png","immobilier","location-vacances.png"
"/icons/immobilier/location.png","https://res.cloudinary.com/dfjipgj2o/image/upload/marketplace/icons/immobilier/location.png","immobilier","location.png"
"/icons/immobilier/vente/appartement.png","https://res.cloudinary.com/dfjipgj2o/image/upload/marketplace/icons/immobilier/vente/appartement.png","immobilier","appartement.png"
"/icons/immobilier/vente/appartements.png","https://res.cloudinary.com/dfjipgj2o/image/upload/marketplace/icons/immobilier/vente/appartements.png","immobilier","appartements.png"
"/icons/immobilier/vente/autre-vente.png","https://res.cloudinary.com/dfjipgj2o/image/upload/marketplace/icons/immobilier/vente/autre-vente.png","immobilier","autre-vente.png"
"/icons/immobilier/vente/bungalow.png","https://res.cloudinary.com/dfjipgj2o/image/upload/marketplace/icons/immobilier/vente/bungalow.png","immobilier","bungalow.png"
"/icons/immobilier/vente/hangar-usine.png","https://res.cloudinary.com/dfjipgj2o/image/upload/marketplace/icons/immobilier/vente/hangar-usine.png","immobilier","hangar-usine.png"
"/icons/immobilier/vente/immeuble.png","https://res.cloudinary.com/dfjipgj2o/image/upload/marketplace/icons/immobilier/vente/immeuble.png","immobilier","immeuble.png"
"/icons/immobilier/vente/local.png","https://res.cloudinary.com/dfjipgj2o/image/upload/marketplace/icons/immobilier/vente/local.png","immobilier","local.png"
"/icons/immobilier/vente/terrain-agricole.png","https://res.cloudinary.com/dfjipgj2o/image/upload/marketplace/icons/immobilier/vente/terrain-agricole.png","immobilier","terrain-agricole.png"
"/icons/immobilier/vente/terrain.png","https://res.cloudinary.com/dfjipgj2o/image/upload/marketplace/icons/immobilier/vente/terrain.png","immobilier","terrain.png"
"/icons/immobilier/vente/villa.png","https://res.cloudinary.com/dfjipgj2o/image/upload/marketplace/icons/immobilier/vente/villa.png","immobilier","villa.png"
"/icons/immobilier/vente.png","https://res.cloudinary.com/dfjipgj2o/image/upload/marketplace/icons/immobilier/vente.png","immobilier","vente.png"
"/icons/informatique/autre-informatique.png","https://res.cloudinary.com/dfjipgj2o/image/upload/marketplace/icons/informatique/autre-informatique.png","informatique","autre-informatique.png"
"/icons/informatique/bureautique.png","https://res.cloudinary.com/dfjipgj2o/image/upload/marketplace/icons/informatique/bureautique.png","informatique","bureautique.png"
"/icons/informatique/cables-adaptateurs.png","https://res.cloudinary.com/dfjipgj2o/image/upload/marketplace/icons/informatique/cables-adaptateurs.png","informatique","cables-adaptateurs.png"
"/icons/informatique/cartables-sacoches.png","https://res.cloudinary.com/dfjipgj2o/image/upload/marketplace/icons/informatique/cartables-sacoches.png","informatique","cartables-sacoches.png"
"/icons/informatique/casques-son.png","https://res.cloudinary.com/dfjipgj2o/image/upload/marketplace/icons/informatique/casques-son.png","informatique","casques-son.png"
"/icons/informatique/claviers-souris.png","https://res.cloudinary.com/dfjipgj2o/image/upload/marketplace/icons/informatique/claviers-souris.png","informatique","claviers-souris.png"
"/icons/informatique/composants-pc-fixe/alimentations-boitiers.png","https://res.cloudinary.com/dfjipgj2o/image/upload/marketplace/icons/informatique/composants-pc-fixe/alimentations-boitiers.png","informatique","alimentations-boitiers.png"
"/icons/informatique/composants-pc-fixe/autres-composants-fixe.png","https://res.cloudinary.com/dfjipgj2o/image/upload/marketplace/icons/informatique/composants-pc-fixe/autres-composants-fixe.png","informatique","autres-composants-fixe.png"
"/icons/informatique/composants-pc-fixe/cartes-graphique.png","https://res.cloudinary.com/dfjipgj2o/image/upload/marketplace/icons/informatique/composants-pc-fixe/cartes-graphique.png","informatique","cartes-graphique.png"
"/icons/informatique/composants-pc-fixe/cartes-mere.png","https://res.cloudinary.com/dfjipgj2o/image/upload/marketplace/icons/informatique/composants-pc-fixe/cartes-mere.png","informatique","cartes-mere.png"
"/icons/informatique/composants-pc-fixe/disques-dur.png","https://res.cloudinary.com/dfjipgj2o/image/upload/marketplace/icons/informatique/composants-pc-fixe/disques-dur.png","informatique","disques-dur.png"
"/icons/informatique/composants-pc-fixe/lecteurs-graveurs-cd.png","https://res.cloudinary.com/dfjipgj2o/image/upload/marketplace/icons/informatique/composants-pc-fixe/lecteurs-graveurs-cd.png","informatique","lecteurs-graveurs-cd.png"
"/icons/informatique/composants-pc-fixe/processeurs.png","https://res.cloudinary.com/dfjipgj2o/image/upload/marketplace/icons/informatique/composants-pc-fixe/processeurs.png","informatique","processeurs.png"
"/icons/informatique/composants-pc-fixe/ram.png","https://res.cloudinary.com/dfjipgj2o/image/upload/marketplace/icons/informatique/composants-pc-fixe/ram.png","informatique","ram.png"
"/icons/informatique/composants-pc-fixe/refroidissement.png","https://res.cloudinary.com/dfjipgj2o/image/upload/marketplace/icons/informatique/composants-pc-fixe/refroidissement.png","informatique","refroidissement.png"
"/icons/informatique/composants-pc-fixe.png","https://res.cloudinary.com/dfjipgj2o/image/upload/marketplace/icons/informatique/composants-pc-fixe.png","informatique","composants-pc-fixe.png"
"/icons/informatique/composants-pc-portable/autres-composants-portable.png","https://res.cloudinary.com/dfjipgj2o/image/upload/marketplace/icons/informatique/composants-pc-portable/autres-composants-portable.png","informatique","autres-composants-portable.png"
"/icons/informatique/composants-pc-portable/baffles-webcams.png","https://res.cloudinary.com/dfjipgj2o/image/upload/marketplace/icons/informatique/composants-pc-portable/baffles-webcams.png","informatique","baffles-webcams.png"
"/icons/informatique/composants-pc-portable/batteries.png","https://res.cloudinary.com/dfjipgj2o/image/upload/marketplace/icons/informatique/composants-pc-portable/batteries.png","informatique","batteries.png"
"/icons/informatique/composants-pc-portable/cartes-graphique-portable.png","https://res.cloudinary.com/dfjipgj2o/image/upload/marketplace/icons/informatique/composants-pc-portable/cartes-graphique-portable.png","informatique","cartes-graphique-portable.png"
"/icons/informatique/composants-pc-portable/cartes-mere-portable.png","https://res.cloudinary.com/dfjipgj2o/image/upload/marketplace/icons/informatique/composants-pc-portable/cartes-mere-portable.png","informatique","cartes-mere-portable.png"
"/icons/informatique/composants-pc-portable/chargeurs.png","https://res.cloudinary.com/dfjipgj2o/image/upload/marketplace/icons/informatique/composants-pc-portable/chargeurs.png","informatique","chargeurs.png"
"/icons/informatique/composants-pc-portable/claviers-touchpads.png","https://res.cloudinary.com/dfjipgj2o/image/upload/marketplace/icons/informatique/composants-pc-portable/claviers-touchpads.png","informatique","claviers-touchpads.png"
"/icons/informatique/composants-pc-portable/disques-dur-portable.png","https://res.cloudinary.com/dfjipgj2o/image/upload/marketplace/icons/informatique/composants-pc-portable/disques-dur-portable.png","informatique","disques-dur-portable.png"
"/icons/informatique/composants-pc-portable/ecrans-portable.png","https://res.cloudinary.com/dfjipgj2o/image/upload/marketplace/icons/informatique/composants-pc-portable/ecrans-portable.png","informatique","ecrans-portable.png"
"/icons/informatique/composants-pc-portable/lecteurs-graveurs-portable.png","https://res.cloudinary.com/dfjipgj2o/image/upload/marketplace/icons/informatique/composants-pc-portable/lecteurs-graveurs-portable.png","informatique","lecteurs-graveurs-portable.png"
"/icons/informatique/composants-pc-portable/processeurs-portable.png","https://res.cloudinary.com/dfjipgj2o/image/upload/marketplace/icons/informatique/composants-pc-portable/processeurs-portable.png","informatique","processeurs-portable.png"
"/icons/informatique/composants-pc-portable/ram-portable.png","https://res.cloudinary.com/dfjipgj2o/image/upload/marketplace/icons/informatique/composants-pc-portable/ram-portable.png","informatique","ram-portable.png"
"/icons/informatique/composants-pc-portable/refroidissement-portable.png","https://res.cloudinary.com/dfjipgj2o/image/upload/marketplace/icons/informatique/composants-pc-portable/refroidissement-portable.png","informatique","refroidissement-portable.png"
"/icons/informatique/composants-pc-portable.png","https://res.cloudinary.com/dfjipgj2o/image/upload/marketplace/icons/informatique/composants-pc-portable.png","informatique","composants-pc-portable.png"
"/icons/informatique/composants-serveur/alimentations-serveur.png","https://res.cloudinary.com/dfjipgj2o/image/upload/marketplace/icons/informatique/composants-serveur/alimentations-serveur.png","informatique","alimentations-serveur.png"
"/icons/informatique/composants-serveur/autres-composants-serveur.png","https://res.cloudinary.com/dfjipgj2o/image/upload/marketplace/icons/informatique/composants-serveur/autres-composants-serveur.png","informatique","autres-composants-serveur.png"
"/icons/informatique/composants-serveur/cartes-graphique-serveur.png","https://res.cloudinary.com/dfjipgj2o/image/upload/marketplace/icons/informatique/composants-serveur/cartes-graphique-serveur.png","informatique","cartes-graphique-serveur.png"
"/icons/informatique/composants-serveur/cartes-mere-serveur.png","https://res.cloudinary.com/dfjipgj2o/image/upload/marketplace/icons/informatique/composants-serveur/cartes-mere-serveur.png","informatique","cartes-mere-serveur.png"
"/icons/informatique/composants-serveur/cartes-reseau-serveur.png","https://res.cloudinary.com/dfjipgj2o/image/upload/marketplace/icons/informatique/composants-serveur/cartes-reseau-serveur.png","informatique","cartes-reseau-serveur.png"
"/icons/informatique/composants-serveur/disques-dur-serveur.png","https://res.cloudinary.com/dfjipgj2o/image/upload/marketplace/icons/informatique/composants-serveur/disques-dur-serveur.png","informatique","disques-dur-serveur.png"
"/icons/informatique/composants-serveur/processeurs-serveur.png","https://res.cloudinary.com/dfjipgj2o/image/upload/marketplace/icons/informatique/composants-serveur/processeurs-serveur.png","informatique","processeurs-serveur.png"
"/icons/informatique/composants-serveur/ram-serveur.png","https://res.cloudinary.com/dfjipgj2o/image/upload/marketplace/icons/informatique/composants-serveur/ram-serveur.png","informatique","ram-serveur.png"
"/icons/informatique/composants-serveur/refroidissement-serveur.png","https://res.cloudinary.com/dfjipgj2o/image/upload/marketplace/icons/informatique/composants-serveur/refroidissement-serveur.png","informatique","refroidissement-serveur.png"
"/icons/informatique/composants-serveur.png","https://res.cloudinary.com/dfjipgj2o/image/upload/marketplace/icons/informatique/composants-serveur.png","informatique","composants-serveur.png"
"/icons/informatique/compteuses-billets.png","https://res.cloudinary.com/dfjipgj2o/image/upload/marketplace/icons/informatique/compteuses-billets.png","informatique","compteuses-billets.png"
"/icons/informatique/data-shows.png","https://res.cloudinary.com/dfjipgj2o/image/upload/marketplace/icons/informatique/data-shows.png","informatique","data-shows.png"
"/icons/informatique/ecrans.png","https://res.cloudinary.com/dfjipgj2o/image/upload/marketplace/icons/informatique/ecrans.png","informatique","ecrans.png"
"/icons/informatique/imprimantes-cartouches/autre-imprimantes.png","https://res.cloudinary.com/dfjipgj2o/image/upload/marketplace/icons/informatique/imprimantes-cartouches/autre-imprimantes.png","informatique","autre-imprimantes.png"
"/icons/informatique/imprimantes-cartouches/cartouches-toners.png","https://res.cloudinary.com/dfjipgj2o/image/upload/marketplace/icons/informatique/imprimantes-cartouches/cartouches-toners.png","informatique","cartouches-toners.png"
"/icons/informatique/imprimantes-cartouches/codes-barre-etiqueteuses.png","https://res.cloudinary.com/dfjipgj2o/image/upload/marketplace/icons/informatique/imprimantes-cartouches/codes-barre-etiqueteuses.png","informatique","codes-barre-etiqueteuses.png"
"/icons/informatique/imprimantes-cartouches/imprimantes-3d.png","https://res.cloudinary.com/dfjipgj2o/image/upload/marketplace/icons/informatique/imprimantes-cartouches/imprimantes-3d.png","informatique","imprimantes-3d.png"
"/icons/informatique/imprimantes-cartouches/imprimantes-jet-encre.png","https://res.cloudinary.com/dfjipgj2o/image/upload/marketplace/icons/informatique/imprimantes-cartouches/imprimantes-jet-encre.png","informatique","imprimantes-jet-encre.png"
"/icons/informatique/imprimantes-cartouches/imprimantes-laser.png","https://res.cloudinary.com/dfjipgj2o/image/upload/marketplace/icons/informatique/imprimantes-cartouches/imprimantes-laser.png","informatique","imprimantes-laser.png"
"/icons/informatique/imprimantes-cartouches/imprimantes-matricielles.png","https://res.cloudinary.com/dfjipgj2o/image/upload/marketplace/icons/informatique/imprimantes-cartouches/imprimantes-matricielles.png","informatique","imprimantes-matricielles.png"
"/icons/informatique/imprimantes-cartouches/imprimantes-photo-badges.png","https://res.cloudinary.com/dfjipgj2o/image/upload/marketplace/icons/informatique/imprimantes-cartouches/imprimantes-photo-badges.png","informatique","imprimantes-photo-badges.png"
"/icons/informatique/imprimantes-cartouches/photocopieuses-professionnelles.png","https://res.cloudinary.com/dfjipgj2o/image/upload/marketplace/icons/informatique/imprimantes-cartouches/photocopieuses-professionnelles.png","informatique","photocopieuses-professionnelles.png"
"/icons/informatique/imprimantes-cartouches.png","https://res.cloudinary.com/dfjipgj2o/image/upload/marketplace/icons/informatique/imprimantes-cartouches.png","informatique","imprimantes-cartouches.png"
"/icons/informatique/informatique.png","https://res.cloudinary.com/dfjipgj2o/image/upload/marketplace/icons/informatique/informatique.png","informatique","informatique.png"
"/icons/informatique/logiciels-abonnements.png","https://res.cloudinary.com/dfjipgj2o/image/upload/marketplace/icons/informatique/logiciels-abonnements.png","informatique","logiciels-abonnements.png"
"/icons/informatique/manettes-simulateurs.png","https://res.cloudinary.com/dfjipgj2o/image/upload/marketplace/icons/informatique/manettes-simulateurs.png","informatique","manettes-simulateurs.png"
"/icons/informatique/onduleurs-stabilisateurs.png","https://res.cloudinary.com/dfjipgj2o/image/upload/marketplace/icons/informatique/onduleurs-stabilisateurs.png","informatique","onduleurs-stabilisateurs.png"
"/icons/informatique/ordinateurs-bureau/all-in-one.png","https://res.cloudinary.com/dfjipgj2o/image/upload/marketplace/icons/informatique/ordinateurs-bureau/all-in-one.png","informatique","all-in-one.png"
"/icons/informatique/ordinateurs-bureau/pc-bureau.png","https://res.cloudinary.com/dfjipgj2o/image/upload/marketplace/icons/informatique/ordinateurs-bureau/pc-bureau.png","informatique","pc-bureau.png"
"/icons/informatique/ordinateurs-bureau/unites-centrales.png","https://res.cloudinary.com/dfjipgj2o/image/upload/marketplace/icons/informatique/ordinateurs-bureau/unites-centrales.png","informatique","unites-centrales.png"
"/icons/informatique/ordinateurs-bureau.png","https://res.cloudinary.com/dfjipgj2o/image/upload/marketplace/icons/informatique/ordinateurs-bureau.png","informatique","ordinateurs-bureau.png"
"/icons/informatique/ordinateurs-portables/macbooks.png","https://res.cloudinary.com/dfjipgj2o/image/upload/marketplace/icons/informatique/ordinateurs-portables/macbooks.png","informatique","macbooks.png"
"/icons/informatique/ordinateurs-portables/pc-portable.png","https://res.cloudinary.com/dfjipgj2o/image/upload/marketplace/icons/informatique/ordinateurs-portables/pc-portable.png","informatique","pc-portable.png"
"/icons/informatique/ordinateurs-portables.png","https://res.cloudinary.com/dfjipgj2o/image/upload/marketplace/icons/informatique/ordinateurs-portables.png","informatique","ordinateurs-portables.png"
"/icons/informatique/reseau-connexion/autre-reseau.png","https://res.cloudinary.com/dfjipgj2o/image/upload/marketplace/icons/informatique/reseau-connexion/autre-reseau.png","informatique","autre-reseau.png"
"/icons/informatique/reseau-connexion/cartes-reseau.png","https://res.cloudinary.com/dfjipgj2o/image/upload/marketplace/icons/informatique/reseau-connexion/cartes-reseau.png","informatique","cartes-reseau.png"
"/icons/informatique/reseau-connexion/modems-routeurs.png","https://res.cloudinary.com/dfjipgj2o/image/upload/marketplace/icons/informatique/reseau-connexion/modems-routeurs.png","informatique","modems-routeurs.png"
"/icons/informatique/reseau-connexion/point-acces-wifi.png","https://res.cloudinary.com/dfjipgj2o/image/upload/marketplace/icons/informatique/reseau-connexion/point-acces-wifi.png","informatique","point-acces-wifi.png"
"/icons/informatique/reseau-connexion/repeater-wifi.png","https://res.cloudinary.com/dfjipgj2o/image/upload/marketplace/icons/informatique/reseau-connexion/repeater-wifi.png","informatique","repeater-wifi.png"
"/icons/informatique/reseau-connexion/switchs.png","https://res.cloudinary.com/dfjipgj2o/image/upload/marketplace/icons/informatique/reseau-connexion/switchs.png","informatique","switchs.png"
"/icons/informatique/reseau-connexion.png","https://res.cloudinary.com/dfjipgj2o/image/upload/marketplace/icons/informatique/reseau-connexion.png","informatique","reseau-connexion.png"
"/icons/informatique/serveurs.png","https://res.cloudinary.com/dfjipgj2o/image/upload/marketplace/icons/informatique/serveurs.png","informatique","serveurs.png"
"/icons/informatique/stockage-externe-racks/carte-memoire.png","https://res.cloudinary.com/dfjipgj2o/image/upload/marketplace/icons/informatique/stockage-externe-racks/carte-memoire.png","informatique","carte-memoire.png"
"/icons/informatique/stockage-externe-racks/disques-durs.png","https://res.cloudinary.com/dfjipgj2o/image/upload/marketplace/icons/informatique/stockage-externe-racks/disques-durs.png","informatique","disques-durs.png"
"/icons/informatique/stockage-externe-racks/flash-disque.png","https://res.cloudinary.com/dfjipgj2o/image/upload/marketplace/icons/informatique/stockage-externe-racks/flash-disque.png","informatique","flash-disque.png"
"/icons/informatique/stockage-externe-racks/rack.png","https://res.cloudinary.com/dfjipgj2o/image/upload/marketplace/icons/informatique/stockage-externe-racks/rack.png","informatique","rack.png"
"/icons/informatique/stockage-externe-racks.png","https://res.cloudinary.com/dfjipgj2o/image/upload/marketplace/icons/informatique/stockage-externe-racks.png","informatique","stockage-externe-racks.png"
"/icons/informatique/stylers-tablettes.png","https://res.cloudinary.com/dfjipgj2o/image/upload/marketplace/icons/informatique/stylers-tablettes.png","informatique","stylers-tablettes.png"
"/icons/informatique/vr.png","https://res.cloudinary.com/dfjipgj2o/image/upload/marketplace/icons/informatique/vr.png","informatique","vr.png"
"/icons/informatique/webcam-videoconference.png","https://res.cloudinary.com/dfjipgj2o/image/upload/marketplace/icons/informatique/webcam-videoconference.png","informatique","webcam-videoconference.png"
"/icons/loisirs/animalerie/accessoire-animaux.png","https://res.cloudinary.com/dfjipgj2o/image/upload/marketplace/icons/loisirs/animalerie/accessoire-animaux.png","loisirs","accessoire-animaux.png"
"/icons/loisirs/animalerie/animaux-ferme.png","https://res.cloudinary.com/dfjipgj2o/image/upload/marketplace/icons/loisirs/animalerie/animaux-ferme.png","loisirs","animaux-ferme.png"
"/icons/loisirs/animalerie/autres-animaux.png","https://res.cloudinary.com/dfjipgj2o/image/upload/marketplace/icons/loisirs/animalerie/autres-animaux.png","loisirs","autres-animaux.png"
"/icons/loisirs/animalerie/chat.png","https://res.cloudinary.com/dfjipgj2o/image/upload/marketplace/icons/loisirs/animalerie/chat.png","loisirs","chat.png"
"/icons/loisirs/animalerie/cheval.png","https://res.cloudinary.com/dfjipgj2o/image/upload/marketplace/icons/loisirs/animalerie/cheval.png","loisirs","cheval.png"
"/icons/loisirs/animalerie/chien.png","https://res.cloudinary.com/dfjipgj2o/image/upload/marketplace/icons/loisirs/animalerie/chien.png","loisirs","chien.png"
"/icons/loisirs/animalerie/nourriture-animaux.png","https://res.cloudinary.com/dfjipgj2o/image/upload/marketplace/icons/loisirs/animalerie/nourriture-animaux.png","loisirs","nourriture-animaux.png"
"/icons/loisirs/animalerie/oiseau.png","https://res.cloudinary.com/dfjipgj2o/image/upload/marketplace/icons/loisirs/animalerie/oiseau.png","loisirs","oiseau.png"
"/icons/loisirs/animalerie/poisson.png","https://res.cloudinary.com/dfjipgj2o/image/upload/marketplace/icons/loisirs/animalerie/poisson.png","loisirs","poisson.png"
"/icons/loisirs/animalerie/produits-soin-animal.png","https://res.cloudinary.com/dfjipgj2o/image/upload/marketplace/icons/loisirs/animalerie/produits-soin-animal.png","loisirs","produits-soin-animal.png"
"/icons/loisirs/animalerie.png","https://res.cloudinary.com/dfjipgj2o/image/upload/marketplace/icons/loisirs/animalerie.png","loisirs","animalerie.png"
"/icons/loisirs/antiquites-collections.png","https://res.cloudinary.com/dfjipgj2o/image/upload/marketplace/icons/loisirs/antiquites-collections.png","loisirs","antiquites-collections.png"
"/icons/loisirs/autre-loisirs.png","https://res.cloudinary.com/dfjipgj2o/image/upload/marketplace/icons/loisirs/autre-loisirs.png","loisirs","autre-loisirs.png"
"/icons/loisirs/barbecue-grillades/accessoires-barbecue.png","https://res.cloudinary.com/dfjipgj2o/image/upload/marketplace/icons/loisirs/barbecue-grillades/accessoires-barbecue.png","loisirs","accessoires-barbecue.png"
"/icons/loisirs/barbecue-grillades/barbecue.png","https://res.cloudinary.com/dfjipgj2o/image/upload/marketplace/icons/loisirs/barbecue-grillades/barbecue.png","loisirs","barbecue.png"
"/icons/loisirs/barbecue-grillades/charbon.png","https://res.cloudinary.com/dfjipgj2o/image/upload/marketplace/icons/loisirs/barbecue-grillades/charbon.png","loisirs","charbon.png"
"/icons/loisirs/barbecue-grillades.png","https://res.cloudinary.com/dfjipgj2o/image/upload/marketplace/icons/loisirs/barbecue-grillades.png","loisirs","barbecue-grillades.png"
"/icons/loisirs/chasse-peche/accessoires-peche.png","https://res.cloudinary.com/dfjipgj2o/image/upload/marketplace/icons/loisirs/chasse-peche/accessoires-peche.png","loisirs","accessoires-peche.png"
"/icons/loisirs/chasse-peche/canne-peche.png","https://res.cloudinary.com/dfjipgj2o/image/upload/marketplace/icons/loisirs/chasse-peche/canne-peche.png","loisirs","canne-peche.png"
"/icons/loisirs/chasse-peche/equipements-chasse.png","https://res.cloudinary.com/dfjipgj2o/image/upload/marketplace/icons/loisirs/chasse-peche/equipements-chasse.png","loisirs","equipements-chasse.png"
"/icons/loisirs/chasse-peche/materiel-plongee.png","https://res.cloudinary.com/dfjipgj2o/image/upload/marketplace/icons/loisirs/chasse-peche/materiel-plongee.png","loisirs","materiel-plongee.png"
"/icons/loisirs/chasse-peche/moulinets.png","https://res.cloudinary.com/dfjipgj2o/image/upload/marketplace/icons/loisirs/chasse-peche/moulinets.png","loisirs","moulinets.png"
"/icons/loisirs/chasse-peche/sondeurs-gps.png","https://res.cloudinary.com/dfjipgj2o/image/upload/marketplace/icons/loisirs/chasse-peche/sondeurs-gps.png","loisirs","sondeurs-gps.png"
"/icons/loisirs/chasse-peche/vetements-chasse-peche.png","https://res.cloudinary.com/dfjipgj2o/image/upload/marketplace/icons/loisirs/chasse-peche/vetements-chasse-peche.png","loisirs","vetements-chasse-peche.png"
"/icons/loisirs/chasse-peche.png","https://res.cloudinary.com/dfjipgj2o/image/upload/marketplace/icons/loisirs/chasse-peche.png","loisirs","chasse-peche.png"
"/icons/loisirs/consoles-jeux-videos/accessoires-consoles.png","https://res.cloudinary.com/dfjipgj2o/image/upload/marketplace/icons/loisirs/consoles-jeux-videos/accessoires-consoles.png","loisirs","accessoires-consoles.png"
"/icons/loisirs/consoles-jeux-videos/consoles.png","https://res.cloudinary.com/dfjipgj2o/image/upload/marketplace/icons/loisirs/consoles-jeux-videos/consoles.png","loisirs","consoles.png"
"/icons/loisirs/consoles-jeux-videos/jeux-videos.png","https://res.cloudinary.com/dfjipgj2o/image/upload/marketplace/icons/loisirs/consoles-jeux-videos/jeux-videos.png","loisirs","jeux-videos.png"
"/icons/loisirs/consoles-jeux-videos.png","https://res.cloudinary.com/dfjipgj2o/image/upload/marketplace/icons/loisirs/consoles-jeux-videos.png","loisirs","consoles-jeux-videos.png"
"/icons/loisirs/instruments-musique/autre-instruments.png","https://res.cloudinary.com/dfjipgj2o/image/upload/marketplace/icons/loisirs/instruments-musique/autre-instruments.png","loisirs","autre-instruments.png"
"/icons/loisirs/instruments-musique/instruments-cordes.png","https://res.cloudinary.com/dfjipgj2o/image/upload/marketplace/icons/loisirs/instruments-musique/instruments-cordes.png","loisirs","instruments-cordes.png"
"/icons/loisirs/instruments-musique/instruments-electriques.png","https://res.cloudinary.com/dfjipgj2o/image/upload/marketplace/icons/loisirs/instruments-musique/instruments-electriques.png","loisirs","instruments-electriques.png"
"/icons/loisirs/instruments-musique/instruments-percussion.png","https://res.cloudinary.com/dfjipgj2o/image/upload/marketplace/icons/loisirs/instruments-musique/instruments-percussion.png","loisirs","instruments-percussion.png"
"/icons/loisirs/instruments-musique/instruments-vent.png","https://res.cloudinary.com/dfjipgj2o/image/upload/marketplace/icons/loisirs/instruments-musique/instruments-vent.png","loisirs","instruments-vent.png"
"/icons/loisirs/instruments-musique.png","https://res.cloudinary.com/dfjipgj2o/image/upload/marketplace/icons/loisirs/instruments-musique.png","loisirs","instruments-musique.png"
"/icons/loisirs/jardinage/decoration-jardin.png","https://res.cloudinary.com/dfjipgj2o/image/upload/marketplace/icons/loisirs/jardinage/decoration-jardin.png","loisirs","decoration-jardin.png"
"/icons/loisirs/jardinage/equipements-materiels-jardin.png","https://res.cloudinary.com/dfjipgj2o/image/upload/marketplace/icons/loisirs/jardinage/equipements-materiels-jardin.png","loisirs","equipements-materiels-jardin.png"
"/icons/loisirs/jardinage/insecticide.png","https://res.cloudinary.com/dfjipgj2o/image/upload/marketplace/icons/loisirs/jardinage/insecticide.png","loisirs","insecticide.png"
"/icons/loisirs/jardinage/livres-agriculture-jardin.png","https://res.cloudinary.com/dfjipgj2o/image/upload/marketplace/icons/loisirs/jardinage/livres-agriculture-jardin.png","loisirs","livres-agriculture-jardin.png"
"/icons/loisirs/jardinage/mobilier-jardin.png","https://res.cloudinary.com/dfjipgj2o/image/upload/marketplace/icons/loisirs/jardinage/mobilier-jardin.png","loisirs","mobilier-jardin.png"
"/icons/loisirs/jardinage/outillage-arrosage.png","https://res.cloudinary.com/dfjipgj2o/image/upload/marketplace/icons/loisirs/jardinage/outillage-arrosage.png","loisirs","outillage-arrosage.png"
"/icons/loisirs/jardinage/plantes-fleurs.png","https://res.cloudinary.com/dfjipgj2o/image/upload/marketplace/icons/loisirs/jardinage/plantes-fleurs.png","loisirs","plantes-fleurs.png"
"/icons/loisirs/jardinage/semence.png","https://res.cloudinary.com/dfjipgj2o/image/upload/marketplace/icons/loisirs/jardinage/semence.png","loisirs","semence.png"
"/icons/loisirs/jardinage.png","https://res.cloudinary.com/dfjipgj2o/image/upload/marketplace/icons/loisirs/jardinage.png","loisirs","jardinage.png"
"/icons/loisirs/jeux-loisirs/autres-jeux-loisirs.png","https://res.cloudinary.com/dfjipgj2o/image/upload/marketplace/icons/loisirs/jeux-loisirs/autres-jeux-loisirs.png","loisirs","autres-jeux-loisirs.png"
"/icons/loisirs/jeux-loisirs/babyfoot.png","https://res.cloudinary.com/dfjipgj2o/image/upload/marketplace/icons/loisirs/jeux-loisirs/babyfoot.png","loisirs","babyfoot.png"
"/icons/loisirs/jeux-loisirs/billiard.png","https://res.cloudinary.com/dfjipgj2o/image/upload/marketplace/icons/loisirs/jeux-loisirs/billiard.png","loisirs","billiard.png"
"/icons/loisirs/jeux-loisirs/echecs.png","https://res.cloudinary.com/dfjipgj2o/image/upload/marketplace/icons/loisirs/jeux-loisirs/echecs.png","loisirs","echecs.png"
"/icons/loisirs/jeux-loisirs/jeux-societe.png","https://res.cloudinary.com/dfjipgj2o/image/upload/marketplace/icons/loisirs/jeux-loisirs/jeux-societe.png","loisirs","jeux-societe.png"
"/icons/loisirs/jeux-loisirs/ping-pong.png","https://res.cloudinary.com/dfjipgj2o/image/upload/marketplace/icons/loisirs/jeux-loisirs/ping-pong.png","loisirs","ping-pong.png"
"/icons/loisirs/jeux-loisirs.png","https://res.cloudinary.com/dfjipgj2o/image/upload/marketplace/icons/loisirs/jeux-loisirs.png","loisirs","jeux-loisirs.png"
"/icons/loisirs/jouets/animaux-jouets.png","https://res.cloudinary.com/dfjipgj2o/image/upload/marketplace/icons/loisirs/jouets/animaux-jouets.png","loisirs","animaux-jouets.png"
"/icons/loisirs/jouets/construction-outils.png","https://res.cloudinary.com/dfjipgj2o/image/upload/marketplace/icons/loisirs/jouets/construction-outils.png","loisirs","construction-outils.png"
"/icons/loisirs/jouets/jeux-educatifs-puzzle.png","https://res.cloudinary.com/dfjipgj2o/image/upload/marketplace/icons/loisirs/jouets/jeux-educatifs-puzzle.png","loisirs","jeux-educatifs-puzzle.png"
"/icons/loisirs/jouets/jeux-electroniques.png","https://res.cloudinary.com/dfjipgj2o/image/upload/marketplace/icons/loisirs/jouets/jeux-electroniques.png","loisirs","jeux-electroniques.png"
"/icons/loisirs/jouets/jeux-eveil.png","https://res.cloudinary.com/dfjipgj2o/image/upload/marketplace/icons/loisirs/jouets/jeux-eveil.png","loisirs","jeux-eveil.png"
"/icons/loisirs/jouets/jeux-plein-air.png","https://res.cloudinary.com/dfjipgj2o/image/upload/marketplace/icons/loisirs/jouets/jeux-plein-air.png","loisirs","jeux-plein-air.png"
"/icons/loisirs/jouets/personnages-deguisements.png","https://res.cloudinary.com/dfjipgj2o/image/upload/marketplace/icons/loisirs/jouets/personnages-deguisements.png","loisirs","personnages-deguisements.png"
"/icons/loisirs/jouets/poupees-peluches.png","https://res.cloudinary.com/dfjipgj2o/image/upload/marketplace/icons/loisirs/jouets/poupees-peluches.png","loisirs","poupees-peluches.png"
"/icons/loisirs/jouets/vehicules-circuits.png","https://res.cloudinary.com/dfjipgj2o/image/upload/marketplace/icons/loisirs/jouets/vehicules-circuits.png","loisirs","vehicules-circuits.png"
"/icons/loisirs/jouets.png","https://res.cloudinary.com/dfjipgj2o/image/upload/marketplace/icons/loisirs/jouets.png","loisirs","jouets.png"
"/icons/loisirs/livres-magazines/cuisine-livres.png","https://res.cloudinary.com/dfjipgj2o/image/upload/marketplace/icons/loisirs/livres-magazines/cuisine-livres.png","loisirs","cuisine-livres.png"
"/icons/loisirs/livres-magazines/enfants-livres.png","https://res.cloudinary.com/dfjipgj2o/image/upload/marketplace/icons/loisirs/livres-magazines/enfants-livres.png","loisirs","enfants-livres.png"
"/icons/loisirs/livres-magazines/essais-documents.png","https://res.cloudinary.com/dfjipgj2o/image/upload/marketplace/icons/loisirs/livres-magazines/essais-documents.png","loisirs","essais-documents.png"
"/icons/loisirs/livres-magazines/fiction.png","https://res.cloudinary.com/dfjipgj2o/image/upload/marketplace/icons/loisirs/livres-magazines/fiction.png","loisirs","fiction.png"
"/icons/loisirs/livres-magazines/historique.png","https://res.cloudinary.com/dfjipgj2o/image/upload/marketplace/icons/loisirs/livres-magazines/historique.png","loisirs","historique.png"
"/icons/loisirs/livres-magazines/litterature-philosophie.png","https://res.cloudinary.com/dfjipgj2o/image/upload/marketplace/icons/loisirs/livres-magazines/litterature-philosophie.png","loisirs","litterature-philosophie.png"
"/icons/loisirs/livres-magazines/mangas-bande-dessinee.png","https://res.cloudinary.com/dfjipgj2o/image/upload/marketplace/icons/loisirs/livres-magazines/mangas-bande-dessinee.png","loisirs","mangas-bande-dessinee.png"
"/icons/loisirs/livres-magazines/religion-spiritualites.png","https://res.cloudinary.com/dfjipgj2o/image/upload/marketplace/icons/loisirs/livres-magazines/religion-spiritualites.png","loisirs","religion-spiritualites.png"
"/icons/loisirs/livres-magazines/romans.png","https://res.cloudinary.com/dfjipgj2o/image/upload/marketplace/icons/loisirs/livres-magazines/romans.png","loisirs","romans.png"
"/icons/loisirs/livres-magazines/sciences-techniques-medecine.png","https://res.cloudinary.com/dfjipgj2o/image/upload/marketplace/icons/loisirs/livres-magazines/sciences-techniques-medecine.png","loisirs","sciences-techniques-medecine.png"
"/icons/loisirs/livres-magazines/scolaire-parascolaire.png","https://res.cloudinary.com/dfjipgj2o/image/upload/marketplace/icons/loisirs/livres-magazines/scolaire-parascolaire.png","loisirs","scolaire-parascolaire.png"
"/icons/loisirs/livres-magazines/traduction.png","https://res.cloudinary.com/dfjipgj2o/image/upload/marketplace/icons/loisirs/livres-magazines/traduction.png","loisirs","traduction.png"
"/icons/loisirs/livres-magazines.png","https://res.cloudinary.com/dfjipgj2o/image/upload/marketplace/icons/loisirs/livres-magazines.png","loisirs","livres-magazines.png"
"/icons/loisirs/loisirs.png","https://res.cloudinary.com/dfjipgj2o/image/upload/marketplace/icons/loisirs/loisirs.png","loisirs","loisirs.png"
"/icons/loisirs/produits-accessoires-ete/autres-ete.png","https://res.cloudinary.com/dfjipgj2o/image/upload/marketplace/icons/loisirs/produits-accessoires-ete/autres-ete.png","loisirs","autres-ete.png"
"/icons/loisirs/produits-accessoires-ete/matelas-gonflables.png","https://res.cloudinary.com/dfjipgj2o/image/upload/marketplace/icons/loisirs/produits-accessoires-ete/matelas-gonflables.png","loisirs","matelas-gonflables.png"
"/icons/loisirs/produits-accessoires-ete/parasols.png","https://res.cloudinary.com/dfjipgj2o/image/upload/marketplace/icons/loisirs/produits-accessoires-ete/parasols.png","loisirs","parasols.png"
"/icons/loisirs/produits-accessoires-ete/piscines.png","https://res.cloudinary.com/dfjipgj2o/image/upload/marketplace/icons/loisirs/produits-accessoires-ete/piscines.png","loisirs","piscines.png"
"/icons/loisirs/produits-accessoires-ete/tables-ete.png","https://res.cloudinary.com/dfjipgj2o/image/upload/marketplace/icons/loisirs/produits-accessoires-ete/tables-ete.png","loisirs","tables-ete.png"
"/icons/loisirs/produits-accessoires-ete/transats-chaises-pliables.png","https://res.cloudinary.com/dfjipgj2o/image/upload/marketplace/icons/loisirs/produits-accessoires-ete/transats-chaises-pliables.png","loisirs","transats-chaises-pliables.png"
"/icons/loisirs/produits-accessoires-ete.png","https://res.cloudinary.com/dfjipgj2o/image/upload/marketplace/icons/loisirs/produits-accessoires-ete.png","loisirs","produits-accessoires-ete.png"
"/icons/loisirs/vapes-chichas/accessoires-chichas.png","https://res.cloudinary.com/dfjipgj2o/image/upload/marketplace/icons/loisirs/vapes-chichas/accessoires-chichas.png","loisirs","accessoires-chichas.png"
"/icons/loisirs/vapes-chichas/chichas.png","https://res.cloudinary.com/dfjipgj2o/image/upload/marketplace/icons/loisirs/vapes-chichas/chichas.png","loisirs","chichas.png"
"/icons/loisirs/vapes-chichas/consommables.png","https://res.cloudinary.com/dfjipgj2o/image/upload/marketplace/icons/loisirs/vapes-chichas/consommables.png","loisirs","consommables.png"
"/icons/loisirs/vapes-chichas/vapes-cigarettes-electroniques.png","https://res.cloudinary.com/dfjipgj2o/image/upload/marketplace/icons/loisirs/vapes-chichas/vapes-cigarettes-electroniques.png","loisirs","vapes-cigarettes-electroniques.png"
"/icons/loisirs/vapes-chichas.png","https://res.cloudinary.com/dfjipgj2o/image/upload/marketplace/icons/loisirs/vapes-chichas.png","loisirs","vapes-chichas.png"
"/icons/materiaux/autre-materiaux.png","https://res.cloudinary.com/dfjipgj2o/image/upload/marketplace/icons/materiaux/autre-materiaux.png","materiaux","autre-materiaux.png"
"/icons/materiaux/materiaux-construction.png","https://res.cloudinary.com/dfjipgj2o/image/upload/marketplace/icons/materiaux/materiaux-construction.png","materiaux","materiaux-construction.png"
"/icons/materiaux/materiaux.png","https://res.cloudinary.com/dfjipgj2o/image/upload/marketplace/icons/materiaux/materiaux.png","materiaux","materiaux.png"
"/icons/materiaux/materiel-agricole/arbres.png","https://res.cloudinary.com/dfjipgj2o/image/upload/marketplace/icons/materiaux/materiel-agricole/arbres.png","materiaux","arbres.png"
"/icons/materiaux/materiel-agricole/autre-agricole.png","https://res.cloudinary.com/dfjipgj2o/image/upload/marketplace/icons/materiaux/materiel-agricole/autre-agricole.png","materiaux","autre-agricole.png"
"/icons/materiaux/materiel-agricole/equipement-agricole.png","https://res.cloudinary.com/dfjipgj2o/image/upload/marketplace/icons/materiaux/materiel-agricole/equipement-agricole.png","materiaux","equipement-agricole.png"
"/icons/materiaux/materiel-agricole/terrain-agricole-materiaux.png","https://res.cloudinary.com/dfjipgj2o/image/upload/marketplace/icons/materiaux/materiel-agricole/terrain-agricole-materiaux.png","materiaux","terrain-agricole-materiaux.png"
"/icons/materiaux/materiel-agricole.png","https://res.cloudinary.com/dfjipgj2o/image/upload/marketplace/icons/materiaux/materiel-agricole.png","materiaux","materiel-agricole.png"
"/icons/materiaux/materiel-professionnel/agriculture.png","https://res.cloudinary.com/dfjipgj2o/image/upload/marketplace/icons/materiaux/materiel-professionnel/agriculture.png","materiaux","agriculture.png"
"/icons/materiaux/materiel-professionnel/alimentaire-restauration.png","https://res.cloudinary.com/dfjipgj2o/image/upload/marketplace/icons/materiaux/materiel-professionnel/alimentaire-restauration.png","materiaux","alimentaire-restauration.png"
"/icons/materiaux/materiel-professionnel/ateliers.png","https://res.cloudinary.com/dfjipgj2o/image/upload/marketplace/icons/materiaux/materiel-professionnel/ateliers.png","materiaux","ateliers.png"
"/icons/materiaux/materiel-professionnel/autres-materiel-pro.png","https://res.cloudinary.com/dfjipgj2o/image/upload/marketplace/icons/materiaux/materiel-professionnel/autres-materiel-pro.png","materiaux","autres-materiel-pro.png"
"/icons/materiaux/materiel-professionnel/batiment-construction.png","https://res.cloudinary.com/dfjipgj2o/image/upload/marketplace/icons/materiaux/materiel-professionnel/batiment-construction.png","materiaux","batiment-construction.png"
"/icons/materiaux/materiel-professionnel/coiffure-cosmetologie.png","https://res.cloudinary.com/dfjipgj2o/image/upload/marketplace/icons/materiaux/materiel-professionnel/coiffure-cosmetologie.png","materiaux","coiffure-cosmetologie.png"
"/icons/materiaux/materiel-professionnel/commerce-detail.png","https://res.cloudinary.com/dfjipgj2o/image/upload/marketplace/icons/materiaux/materiel-professionnel/commerce-detail.png","materiaux","commerce-detail.png"
"/icons/materiaux/materiel-professionnel/equipement-protection.png","https://res.cloudinary.com/dfjipgj2o/image/upload/marketplace/icons/materiaux/materiel-professionnel/equipement-protection.png","materiaux","equipement-protection.png"
"/icons/materiaux/materiel-professionnel/industrie-fabrication.png","https://res.cloudinary.com/dfjipgj2o/image/upload/marketplace/icons/materiaux/materiel-professionnel/industrie-fabrication.png","materiaux","industrie-fabrication.png"
"/icons/materiaux/materiel-professionnel/materiel-electrique.png","https://res.cloudinary.com/dfjipgj2o/image/upload/marketplace/icons/materiaux/materiel-professionnel/materiel-electrique.png","materiaux","materiel-electrique.png"
"/icons/materiaux/materiel-professionnel/medical.png","https://res.cloudinary.com/dfjipgj2o/image/upload/marketplace/icons/materiaux/materiel-professionnel/medical.png","materiaux","medical.png"
"/icons/materiaux/materiel-professionnel/reparation-diagnostic.png","https://res.cloudinary.com/dfjipgj2o/image/upload/marketplace/icons/materiaux/materiel-professionnel/reparation-diagnostic.png","materiaux","reparation-diagnostic.png"
"/icons/materiaux/materiel-professionnel/stockage-magasinage.png","https://res.cloudinary.com/dfjipgj2o/image/upload/marketplace/icons/materiaux/materiel-professionnel/stockage-magasinage.png","materiaux","stockage-magasinage.png"
"/icons/materiaux/materiel-professionnel.png","https://res.cloudinary.com/dfjipgj2o/image/upload/marketplace/icons/materiaux/materiel-professionnel.png","materiaux","materiel-professionnel.png"
"/icons/materiaux/matieres-premieres.png","https://res.cloudinary.com/dfjipgj2o/image/upload/marketplace/icons/materiaux/matieres-premieres.png","materiaux","matieres-premieres.png"
"/icons/materiaux/outillage-professionnel/autres-outillage.png","https://res.cloudinary.com/dfjipgj2o/image/upload/marketplace/icons/materiaux/outillage-professionnel/autres-outillage.png","materiaux","autres-outillage.png"
"/icons/materiaux/outillage-professionnel/meuleuse.png","https://res.cloudinary.com/dfjipgj2o/image/upload/marketplace/icons/materiaux/outillage-professionnel/meuleuse.png","materiaux","meuleuse.png"
"/icons/materiaux/outillage-professionnel/outillage-main.png","https://res.cloudinary.com/dfjipgj2o/image/upload/marketplace/icons/materiaux/outillage-professionnel/outillage-main.png","materiaux","outillage-main.png"
"/icons/materiaux/outillage-professionnel/perceuse.png","https://res.cloudinary.com/dfjipgj2o/image/upload/marketplace/icons/materiaux/outillage-professionnel/perceuse.png","materiaux","perceuse.png"
"/icons/materiaux/outillage-professionnel/scie.png","https://res.cloudinary.com/dfjipgj2o/image/upload/marketplace/icons/materiaux/outillage-professionnel/scie.png","materiaux","scie.png"
"/icons/materiaux/outillage-professionnel.png","https://res.cloudinary.com/dfjipgj2o/image/upload/marketplace/icons/materiaux/outillage-professionnel.png","materiaux","outillage-professionnel.png"
"/icons/materiaux/produits-hygiene.png","https://res.cloudinary.com/dfjipgj2o/image/upload/marketplace/icons/materiaux/produits-hygiene.png","materiaux","produits-hygiene.png"
"/icons/meubles/accessoires-cuisine.png","https://res.cloudinary.com/dfjipgj2o/image/upload/marketplace/icons/meubles/accessoires-cuisine.png","meubles","accessoires-cuisine.png"
"/icons/meubles/armoires-commodes.png","https://res.cloudinary.com/dfjipgj2o/image/upload/marketplace/icons/meubles/armoires-commodes.png","meubles","armoires-commodes.png"
"/icons/meubles/autre-meubles.png","https://res.cloudinary.com/dfjipgj2o/image/upload/marketplace/icons/meubles/autre-meubles.png","meubles","autre-meubles.png"
"/icons/meubles/bibliotheques-etageres.png","https://res.cloudinary.com/dfjipgj2o/image/upload/marketplace/icons/meubles/bibliotheques-etageres.png","meubles","bibliotheques-etageres.png"
"/icons/meubles/buffet.png","https://res.cloudinary.com/dfjipgj2o/image/upload/marketplace/icons/meubles/buffet.png","meubles","buffet.png"
"/icons/meubles/canape.png","https://res.cloudinary.com/dfjipgj2o/image/upload/marketplace/icons/meubles/canape.png","meubles","canape.png"
"/icons/meubles/chaises-fauteuils.png","https://res.cloudinary.com/dfjipgj2o/image/upload/marketplace/icons/meubles/chaises-fauteuils.png","meubles","chaises-fauteuils.png"
"/icons/meubles/chambres-coucher.png","https://res.cloudinary.com/dfjipgj2o/image/upload/marketplace/icons/meubles/chambres-coucher.png","meubles","chambres-coucher.png"
"/icons/meubles/decoration/art-revetement-mural.png","https://res.cloudinary.com/dfjipgj2o/image/upload/marketplace/icons/meubles/decoration/art-revetement-mural.png","meubles","art-revetement-mural.png"
"/icons/meubles/decoration/autres-decoration.png","https://res.cloudinary.com/dfjipgj2o/image/upload/marketplace/icons/meubles/decoration/autres-decoration.png","meubles","autres-decoration.png"
"/icons/meubles/decoration/cadres.png","https://res.cloudinary.com/dfjipgj2o/image/upload/marketplace/icons/meubles/decoration/cadres.png","meubles","cadres.png"
"/icons/meubles/decoration/coussins-housses.png","https://res.cloudinary.com/dfjipgj2o/image/upload/marketplace/icons/meubles/decoration/coussins-housses.png","meubles","coussins-housses.png"
"/icons/meubles/decoration/deco-bain.png","https://res.cloudinary.com/dfjipgj2o/image/upload/marketplace/icons/meubles/decoration/deco-bain.png","meubles","deco-bain.png"
"/icons/meubles/decoration/decoration-cuisine.png","https://res.cloudinary.com/dfjipgj2o/image/upload/marketplace/icons/meubles/decoration/decoration-cuisine.png","meubles","decoration-cuisine.png"
"/icons/meubles/decoration/figurines-miniatures.png","https://res.cloudinary.com/dfjipgj2o/image/upload/marketplace/icons/meubles/decoration/figurines-miniatures.png","meubles","figurines-miniatures.png"
"/icons/meubles/decoration/horloges.png","https://res.cloudinary.com/dfjipgj2o/image/upload/marketplace/icons/meubles/decoration/horloges.png","meubles","horloges.png"
"/icons/meubles/decoration/peinture-calligraphie.png","https://res.cloudinary.com/dfjipgj2o/image/upload/marketplace/icons/meubles/decoration/peinture-calligraphie.png","meubles","peinture-calligraphie.png"
"/icons/meubles/decoration.png","https://res.cloudinary.com/dfjipgj2o/image/upload/marketplace/icons/meubles/decoration.png","meubles","decoration.png"
"/icons/meubles/dressings.png","https://res.cloudinary.com/dfjipgj2o/image/upload/marketplace/icons/meubles/dressings.png","meubles","dressings.png"
"/icons/meubles/fournitures-scolaires.png","https://res.cloudinary.com/dfjipgj2o/image/upload/marketplace/icons/meubles/fournitures-scolaires.png","meubles","fournitures-scolaires.png"
"/icons/meubles/literie-linge.png","https://res.cloudinary.com/dfjipgj2o/image/upload/marketplace/icons/meubles/literie-linge.png","meubles","literie-linge.png"
"/icons/meubles/lits.png","https://res.cloudinary.com/dfjipgj2o/image/upload/marketplace/icons/meubles/lits.png","meubles","lits.png"
"/icons/meubles/luminaire/autres-luminaire.png","https://res.cloudinary.com/dfjipgj2o/image/upload/marketplace/icons/meubles/luminaire/autres-luminaire.png","meubles","autres-luminaire.png"
"/icons/meubles/luminaire/eclairage-exterieur.png","https://res.cloudinary.com/dfjipgj2o/image/upload/marketplace/icons/meubles/luminaire/eclairage-exterieur.png","meubles","eclairage-exterieur.png"
"/icons/meubles/luminaire/lampadaire.png","https://res.cloudinary.com/dfjipgj2o/image/upload/marketplace/icons/meubles/luminaire/lampadaire.png","meubles","lampadaire.png"
"/icons/meubles/luminaire/lustre.png","https://res.cloudinary.com/dfjipgj2o/image/upload/marketplace/icons/meubles/luminaire/lustre.png","meubles","lustre.png"
"/icons/meubles/luminaire.png","https://res.cloudinary.com/dfjipgj2o/image/upload/marketplace/icons/meubles/luminaire.png","meubles","luminaire.png"
"/icons/meubles/meuble-entree.png","https://res.cloudinary.com/dfjipgj2o/image/upload/marketplace/icons/meubles/meuble-entree.png","meubles","meuble-entree.png"
"/icons/meubles/meubles-bureau/accessoires-bureaux.png","https://res.cloudinary.com/dfjipgj2o/image/upload/marketplace/icons/meubles/meubles-bureau/accessoires-bureaux.png","meubles","accessoires-bureaux.png"
"/icons/meubles/meubles-bureau/armoires-rangements-bureau.png","https://res.cloudinary.com/dfjipgj2o/image/upload/marketplace/icons/meubles/meubles-bureau/armoires-rangements-bureau.png","meubles","armoires-rangements-bureau.png"
"/icons/meubles/meubles-bureau/bureaux-caissons.png","https://res.cloudinary.com/dfjipgj2o/image/upload/marketplace/icons/meubles/meubles-bureau/bureaux-caissons.png","meubles","bureaux-caissons.png"
"/icons/meubles/meubles-bureau/chaises-bureau.png","https://res.cloudinary.com/dfjipgj2o/image/upload/marketplace/icons/meubles/meubles-bureau/chaises-bureau.png","meubles","chaises-bureau.png"
"/icons/meubles/meubles-bureau/tables-reunion.png","https://res.cloudinary.com/dfjipgj2o/image/upload/marketplace/icons/meubles/meubles-bureau/tables-reunion.png","meubles","tables-reunion.png"
"/icons/meubles/meubles-bureau.png","https://res.cloudinary.com/dfjipgj2o/image/upload/marketplace/icons/meubles/meubles-bureau.png","meubles","meubles-bureau.png"
"/icons/meubles/meubles-cuisine.png","https://res.cloudinary.com/dfjipgj2o/image/upload/marketplace/icons/meubles/meubles-cuisine.png","meubles","meubles-cuisine.png"
"/icons/meubles/meubles-exterieur.png","https://res.cloudinary.com/dfjipgj2o/image/upload/marketplace/icons/meubles/meubles-exterieur.png","meubles","meubles-exterieur.png"
"/icons/meubles/meubles-salle-bain.png","https://res.cloudinary.com/dfjipgj2o/image/upload/marketplace/icons/meubles/meubles-salle-bain.png","meubles","meubles-salle-bain.png"
"/icons/meubles/meubles.png","https://res.cloudinary.com/dfjipgj2o/image/upload/marketplace/icons/meubles/meubles.png","meubles","meubles.png"
"/icons/meubles/puericulture/autres-puericulture.png","https://res.cloudinary.com/dfjipgj2o/image/upload/marketplace/icons/meubles/puericulture/autres-puericulture.png","meubles","autres-puericulture.png"
"/icons/meubles/puericulture/chaise-bebe.png","https://res.cloudinary.com/dfjipgj2o/image/upload/marketplace/icons/meubles/puericulture/chaise-bebe.png","meubles","chaise-bebe.png"
"/icons/meubles/puericulture/lit-bebe.png","https://res.cloudinary.com/dfjipgj2o/image/upload/marketplace/icons/meubles/puericulture/lit-bebe.png","meubles","lit-bebe.png"
"/icons/meubles/puericulture/meubles-bebe.png","https://res.cloudinary.com/dfjipgj2o/image/upload/marketplace/icons/meubles/puericulture/meubles-bebe.png","meubles","meubles-bebe.png"
"/icons/meubles/puericulture/poussette.png","https://res.cloudinary.com/dfjipgj2o/image/upload/marketplace/icons/meubles/puericulture/poussette.png","meubles","poussette.png"
"/icons/meubles/puericulture/siege-auto.png","https://res.cloudinary.com/dfjipgj2o/image/upload/marketplace/icons/meubles/puericulture/siege-auto.png","meubles","siege-auto.png"
"/icons/meubles/puericulture.png","https://res.cloudinary.com/dfjipgj2o/image/upload/marketplace/icons/meubles/puericulture.png","meubles","puericulture.png"
"/icons/meubles/rangement-organisation.png","https://res.cloudinary.com/dfjipgj2o/image/upload/marketplace/icons/meubles/rangement-organisation.png","meubles","rangement-organisation.png"
"/icons/meubles/rideaux.png","https://res.cloudinary.com/dfjipgj2o/image/upload/marketplace/icons/meubles/rideaux.png","meubles","rideaux.png"
"/icons/meubles/salon.png","https://res.cloudinary.com/dfjipgj2o/image/upload/marketplace/icons/meubles/salon.png","meubles","salon.png"
"/icons/meubles/table-basse.png","https://res.cloudinary.com/dfjipgj2o/image/upload/marketplace/icons/meubles/table-basse.png","meubles","table-basse.png"
"/icons/meubles/table-pliante.png","https://res.cloudinary.com/dfjipgj2o/image/upload/marketplace/icons/meubles/table-pliante.png","meubles","table-pliante.png"
"/icons/meubles/tables-manger.png","https://res.cloudinary.com/dfjipgj2o/image/upload/marketplace/icons/meubles/tables-manger.png","meubles","tables-manger.png"
"/icons/meubles/tables-pc-bureaux.png","https://res.cloudinary.com/dfjipgj2o/image/upload/marketplace/icons/meubles/tables-pc-bureaux.png","meubles","tables-pc-bureaux.png"
"/icons/meubles/tables-tv.png","https://res.cloudinary.com/dfjipgj2o/image/upload/marketplace/icons/meubles/tables-tv.png","meubles","tables-tv.png"
"/icons/meubles/tables.png","https://res.cloudinary.com/dfjipgj2o/image/upload/marketplace/icons/meubles/tables.png","meubles","tables.png"
"/icons/meubles/tapis-moquettes.png","https://res.cloudinary.com/dfjipgj2o/image/upload/marketplace/icons/meubles/tapis-moquettes.png","meubles","tapis-moquettes.png"
"/icons/meubles/vaisselle/accessoires-patisserie.png","https://res.cloudinary.com/dfjipgj2o/image/upload/marketplace/icons/meubles/vaisselle/accessoires-patisserie.png","meubles","accessoires-patisserie.png"
"/icons/meubles/vaisselle/assiettes-bols.png","https://res.cloudinary.com/dfjipgj2o/image/upload/marketplace/icons/meubles/vaisselle/assiettes-bols.png","meubles","assiettes-bols.png"
"/icons/meubles/vaisselle/boites-bocaux.png","https://res.cloudinary.com/dfjipgj2o/image/upload/marketplace/icons/meubles/vaisselle/boites-bocaux.png","meubles","boites-bocaux.png"
"/icons/meubles/vaisselle/cocottes.png","https://res.cloudinary.com/dfjipgj2o/image/upload/marketplace/icons/meubles/vaisselle/cocottes.png","meubles","cocottes.png"
"/icons/meubles/vaisselle/couverts-ustensiles.png","https://res.cloudinary.com/dfjipgj2o/image/upload/marketplace/icons/meubles/vaisselle/couverts-ustensiles.png","meubles","couverts-ustensiles.png"
"/icons/meubles/vaisselle/gadget-cuisine.png","https://res.cloudinary.com/dfjipgj2o/image/upload/marketplace/icons/meubles/vaisselle/gadget-cuisine.png","meubles","gadget-cuisine.png"
"/icons/meubles/vaisselle/plats-four-plateaux.png","https://res.cloudinary.com/dfjipgj2o/image/upload/marketplace/icons/meubles/vaisselle/plats-four-plateaux.png","meubles","plats-four-plateaux.png"
"/icons/meubles/vaisselle/poeles-casseroles-marmites.png","https://res.cloudinary.com/dfjipgj2o/image/upload/marketplace/icons/meubles/vaisselle/poeles-casseroles-marmites.png","meubles","poeles-casseroles-marmites.png"
"/icons/meubles/vaisselle/services-boissons.png","https://res.cloudinary.com/dfjipgj2o/image/upload/marketplace/icons/meubles/vaisselle/services-boissons.png","meubles","services-boissons.png"
"/icons/meubles/vaisselle/vaisselle-enfants.png","https://res.cloudinary.com/dfjipgj2o/image/upload/marketplace/icons/meubles/vaisselle/vaisselle-enfants.png","meubles","vaisselle-enfants.png"
"/icons/meubles/vaisselle/vaisselles-artisanales.png","https://res.cloudinary.com/dfjipgj2o/image/upload/marketplace/icons/meubles/vaisselle/vaisselles-artisanales.png","meubles","vaisselles-artisanales.png"
"/icons/meubles/vaisselle.png","https://res.cloudinary.com/dfjipgj2o/image/upload/marketplace/icons/meubles/vaisselle.png","meubles","vaisselle.png"
"/icons/pieces-detachees/alarme-securite.png","https://res.cloudinary.com/dfjipgj2o/image/upload/marketplace/icons/pieces-detachees/alarme-securite.png","pieces-detachees","alarme-securite.png"
"/icons/pieces-detachees/autres-pieces.png","https://res.cloudinary.com/dfjipgj2o/image/upload/marketplace/icons/pieces-detachees/autres-pieces.png","pieces-detachees","autres-pieces.png"
"/icons/pieces-detachees/lubrifiants.png","https://res.cloudinary.com/dfjipgj2o/image/upload/marketplace/icons/pieces-detachees/lubrifiants.png","pieces-detachees","lubrifiants.png"
"/icons/pieces-detachees/nettoyage-entretien.png","https://res.cloudinary.com/dfjipgj2o/image/upload/marketplace/icons/pieces-detachees/nettoyage-entretien.png","pieces-detachees","nettoyage-entretien.png"
"/icons/pieces-detachees/outils-diagnostics.png","https://res.cloudinary.com/dfjipgj2o/image/upload/marketplace/icons/pieces-detachees/outils-diagnostics.png","pieces-detachees","outils-diagnostics.png"
"/icons/pieces-detachees/pieces-automobiles/autres-pieces-auto.png","https://res.cloudinary.com/dfjipgj2o/image/upload/marketplace/icons/pieces-detachees/pieces-automobiles/autres-pieces-auto.png","pieces-detachees","autres-pieces-auto.png"
"/icons/pieces-detachees/pieces-automobiles/batteries-auto.png","https://res.cloudinary.com/dfjipgj2o/image/upload/marketplace/icons/pieces-detachees/pieces-automobiles/batteries-auto.png","pieces-detachees","batteries-auto.png"
"/icons/pieces-detachees/pieces-automobiles/carrosserie.png","https://res.cloudinary.com/dfjipgj2o/image/upload/marketplace/icons/pieces-detachees/pieces-automobiles/carrosserie.png","pieces-detachees","carrosserie.png"
"/icons/pieces-detachees/pieces-automobiles/housses-tapis.png","https://res.cloudinary.com/dfjipgj2o/image/upload/marketplace/icons/pieces-detachees/pieces-automobiles/housses-tapis.png","pieces-detachees","housses-tapis.png"
"/icons/pieces-detachees/pieces-automobiles/moteur-transmission.png","https://res.cloudinary.com/dfjipgj2o/image/upload/marketplace/icons/pieces-detachees/pieces-automobiles/moteur-transmission.png","pieces-detachees","moteur-transmission.png"
"/icons/pieces-detachees/pieces-automobiles/optiques-eclairage.png","https://res.cloudinary.com/dfjipgj2o/image/upload/marketplace/icons/pieces-detachees/pieces-automobiles/optiques-eclairage.png","pieces-detachees","optiques-eclairage.png"
"/icons/pieces-detachees/pieces-automobiles/pieces-interieur.png","https://res.cloudinary.com/dfjipgj2o/image/upload/marketplace/icons/pieces-detachees/pieces-automobiles/pieces-interieur.png","pieces-detachees","pieces-interieur.png"
"/icons/pieces-detachees/pieces-automobiles/pneus-jantes.png","https://res.cloudinary.com/dfjipgj2o/image/upload/marketplace/icons/pieces-detachees/pieces-automobiles/pneus-jantes.png","pieces-detachees","pneus-jantes.png"
"/icons/pieces-detachees/pieces-automobiles/sieges-auto.png","https://res.cloudinary.com/dfjipgj2o/image/upload/marketplace/icons/pieces-detachees/pieces-automobiles/sieges-auto.png","pieces-detachees","sieges-auto.png"
"/icons/pieces-detachees/pieces-automobiles/sono-multimedia.png","https://res.cloudinary.com/dfjipgj2o/image/upload/marketplace/icons/pieces-detachees/pieces-automobiles/sono-multimedia.png","pieces-detachees","sono-multimedia.png"
"/icons/pieces-detachees/pieces-automobiles/suspension-direction.png","https://res.cloudinary.com/dfjipgj2o/image/upload/marketplace/icons/pieces-detachees/pieces-automobiles/suspension-direction.png","pieces-detachees","suspension-direction.png"
"/icons/pieces-detachees/pieces-automobiles/vitres-pare-brise.png","https://res.cloudinary.com/dfjipgj2o/image/upload/marketplace/icons/pieces-detachees/pieces-automobiles/vitres-pare-brise.png","pieces-detachees","vitres-pare-brise.png"
"/icons/pieces-detachees/pieces-automobiles.png","https://res.cloudinary.com/dfjipgj2o/image/upload/marketplace/icons/pieces-detachees/pieces-automobiles.png","pieces-detachees","pieces-automobiles.png"
"/icons/pieces-detachees/pieces-bateaux/accessoires-bateau.png","https://res.cloudinary.com/dfjipgj2o/image/upload/marketplace/icons/pieces-detachees/pieces-bateaux/accessoires-bateau.png","pieces-detachees","accessoires-bateau.png"
"/icons/pieces-detachees/pieces-bateaux/autres-pieces-bateaux.png","https://res.cloudinary.com/dfjipgj2o/image/upload/marketplace/icons/pieces-detachees/pieces-bateaux/autres-pieces-bateaux.png","pieces-detachees","autres-pieces-bateaux.png"
"/icons/pieces-detachees/pieces-bateaux/moteurs-bateau.png","https://res.cloudinary.com/dfjipgj2o/image/upload/marketplace/icons/pieces-detachees/pieces-bateaux/moteurs-bateau.png","pieces-detachees","moteurs-bateau.png"
"/icons/pieces-detachees/pieces-bateaux/pieces-bateau.png","https://res.cloudinary.com/dfjipgj2o/image/upload/marketplace/icons/pieces-detachees/pieces-bateaux/pieces-bateau.png","pieces-detachees","pieces-bateau.png"
"/icons/pieces-detachees/pieces-bateaux.png","https://res.cloudinary.com/dfjipgj2o/image/upload/marketplace/icons/pieces-detachees/pieces-bateaux.png","pieces-detachees","pieces-bateaux.png"
"/icons/pieces-detachees/pieces-detachees.png","https://res.cloudinary.com/dfjipgj2o/image/upload/marketplace/icons/pieces-detachees/pieces-detachees.png","pieces-detachees","pieces-detachees.png"
"/icons/pieces-detachees/pieces-moto/accessoires-moto.png","https://res.cloudinary.com/dfjipgj2o/image/upload/marketplace/icons/pieces-detachees/pieces-moto/accessoires-moto.png","pieces-detachees","accessoires-moto.png"
"/icons/pieces-detachees/pieces-moto/autres-pieces-moto.png","https://res.cloudinary.com/dfjipgj2o/image/upload/marketplace/icons/pieces-detachees/pieces-moto/autres-pieces-moto.png","pieces-detachees","autres-pieces-moto.png"
"/icons/pieces-detachees/pieces-moto/casques-protections.png","https://res.cloudinary.com/dfjipgj2o/image/upload/marketplace/icons/pieces-detachees/pieces-moto/casques-protections.png","pieces-detachees","casques-protections.png"
"/icons/pieces-detachees/pieces-moto/optiques-eclairage-moto.png","https://res.cloudinary.com/dfjipgj2o/image/upload/marketplace/icons/pieces-detachees/pieces-moto/optiques-eclairage-moto.png","pieces-detachees","optiques-eclairage-moto.png"
"/icons/pieces-detachees/pieces-moto/pneus-jantes-moto.png","https://res.cloudinary.com/dfjipgj2o/image/upload/marketplace/icons/pieces-detachees/pieces-moto/pneus-jantes-moto.png","pieces-detachees","pneus-jantes-moto.png"
"/icons/pieces-detachees/pieces-moto.png","https://res.cloudinary.com/dfjipgj2o/image/upload/marketplace/icons/pieces-detachees/pieces-moto.png","pieces-detachees","pieces-moto.png"
"/icons/pieces-detachees/pieces-vehicules.png","https://res.cloudinary.com/dfjipgj2o/image/upload/marketplace/icons/pieces-detachees/pieces-vehicules.png","pieces-detachees","pieces-vehicules.png"
"/icons/sante-beaute/accessoires-beaute.png","https://res.cloudinary.com/dfjipgj2o/image/upload/marketplace/icons/sante-beaute/accessoires-beaute.png","sante-beaute","accessoires-beaute.png"
"/icons/sante-beaute/autre-sante-beaute.png","https://res.cloudinary.com/dfjipgj2o/image/upload/marketplace/icons/sante-beaute/autre-sante-beaute.png","sante-beaute","autre-sante-beaute.png"
"/icons/sante-beaute/cosmetiques-beaute/autres-produits-beaute.png","https://res.cloudinary.com/dfjipgj2o/image/upload/marketplace/icons/sante-beaute/cosmetiques-beaute/autres-produits-beaute.png","sante-beaute","autres-produits-beaute.png"
"/icons/sante-beaute/cosmetiques-beaute/coiffure.png","https://res.cloudinary.com/dfjipgj2o/image/upload/marketplace/icons/sante-beaute/cosmetiques-beaute/coiffure.png","sante-beaute","coiffure.png"
"/icons/sante-beaute/cosmetiques-beaute/hygiene.png","https://res.cloudinary.com/dfjipgj2o/image/upload/marketplace/icons/sante-beaute/cosmetiques-beaute/hygiene.png","sante-beaute","hygiene.png"
"/icons/sante-beaute/cosmetiques-beaute/instruments-outils-beaute.png","https://res.cloudinary.com/dfjipgj2o/image/upload/marketplace/icons/sante-beaute/cosmetiques-beaute/instruments-outils-beaute.png","sante-beaute","instruments-outils-beaute.png"
"/icons/sante-beaute/cosmetiques-beaute/manucure-pedicure.png","https://res.cloudinary.com/dfjipgj2o/image/upload/marketplace/icons/sante-beaute/cosmetiques-beaute/manucure-pedicure.png","sante-beaute","manucure-pedicure.png"
"/icons/sante-beaute/cosmetiques-beaute/maquillage.png","https://res.cloudinary.com/dfjipgj2o/image/upload/marketplace/icons/sante-beaute/cosmetiques-beaute/maquillage.png","sante-beaute","maquillage.png"
"/icons/sante-beaute/cosmetiques-beaute/produits-solaires-bronzage.png","https://res.cloudinary.com/dfjipgj2o/image/upload/marketplace/icons/sante-beaute/cosmetiques-beaute/produits-solaires-bronzage.png","sante-beaute","produits-solaires-bronzage.png"
"/icons/sante-beaute/cosmetiques-beaute/rasage-epilation.png","https://res.cloudinary.com/dfjipgj2o/image/upload/marketplace/icons/sante-beaute/cosmetiques-beaute/rasage-epilation.png","sante-beaute","rasage-epilation.png"
"/icons/sante-beaute/cosmetiques-beaute/savons-gels-douche.png","https://res.cloudinary.com/dfjipgj2o/image/upload/marketplace/icons/sante-beaute/cosmetiques-beaute/savons-gels-douche.png","sante-beaute","savons-gels-douche.png"
"/icons/sante-beaute/cosmetiques-beaute/soins-bebe.png","https://res.cloudinary.com/dfjipgj2o/image/upload/marketplace/icons/sante-beaute/cosmetiques-beaute/soins-bebe.png","sante-beaute","soins-bebe.png"
"/icons/sante-beaute/cosmetiques-beaute/soins-corps.png","https://res.cloudinary.com/dfjipgj2o/image/upload/marketplace/icons/sante-beaute/cosmetiques-beaute/soins-corps.png","sante-beaute","soins-corps.png"
"/icons/sante-beaute/cosmetiques-beaute/soins-visage.png","https://res.cloudinary.com/dfjipgj2o/image/upload/marketplace/icons/sante-beaute/cosmetiques-beaute/soins-visage.png","sante-beaute","soins-visage.png"
"/icons/sante-beaute/cosmetiques-beaute.png","https://res.cloudinary.com/dfjipgj2o/image/upload/marketplace/icons/sante-beaute/cosmetiques-beaute.png","sante-beaute","cosmetiques-beaute.png"
"/icons/sante-beaute/parapharmacie-sante/aliments-dietetiques-sante.png","https://res.cloudinary.com/dfjipgj2o/image/upload/marketplace/icons/sante-beaute/parapharmacie-sante/aliments-dietetiques-sante.png","sante-beaute","aliments-dietetiques-sante.png"
"/icons/sante-beaute/parapharmacie-sante/complement-alimentaire.png","https://res.cloudinary.com/dfjipgj2o/image/upload/marketplace/icons/sante-beaute/parapharmacie-sante/complement-alimentaire.png","sante-beaute","complement-alimentaire.png"
"/icons/sante-beaute/parapharmacie-sante/dispositifs-medicaux.png","https://res.cloudinary.com/dfjipgj2o/image/upload/marketplace/icons/sante-beaute/parapharmacie-sante/dispositifs-medicaux.png","sante-beaute","dispositifs-medicaux.png"
"/icons/sante-beaute/parapharmacie-sante/materiel-medical.png","https://res.cloudinary.com/dfjipgj2o/image/upload/marketplace/icons/sante-beaute/parapharmacie-sante/materiel-medical.png","sante-beaute","materiel-medical.png"
"/icons/sante-beaute/parapharmacie-sante.png","https://res.cloudinary.com/dfjipgj2o/image/upload/marketplace/icons/sante-beaute/parapharmacie-sante.png","sante-beaute","parapharmacie-sante.png"
"/icons/sante-beaute/parfums-deodorants-femme.png","https://res.cloudinary.com/dfjipgj2o/image/upload/marketplace/icons/sante-beaute/parfums-deodorants-femme.png","sante-beaute","parfums-deodorants-femme.png"
"/icons/sante-beaute/parfums-deodorants-homme.png","https://res.cloudinary.com/dfjipgj2o/image/upload/marketplace/icons/sante-beaute/parfums-deodorants-homme.png","sante-beaute","parfums-deodorants-homme.png"
"/icons/sante-beaute/sante-beaute.png","https://res.cloudinary.com/dfjipgj2o/image/upload/marketplace/icons/sante-beaute/sante-beaute.png","sante-beaute","sante-beaute.png"
"/icons/sante-beaute/soins-cheveux.png","https://res.cloudinary.com/dfjipgj2o/image/upload/marketplace/icons/sante-beaute/soins-cheveux.png","sante-beaute","soins-cheveux.png"
"/icons/services/autres-services.png","https://res.cloudinary.com/dfjipgj2o/image/upload/marketplace/icons/services/autres-services.png","services","autres-services.png"
"/icons/services/bureautique-internet.png","https://res.cloudinary.com/dfjipgj2o/image/upload/marketplace/icons/services/bureautique-internet.png","services","bureautique-internet.png"
"/icons/services/comptabilite-economie.png","https://res.cloudinary.com/dfjipgj2o/image/upload/marketplace/icons/services/comptabilite-economie.png","services","comptabilite-economie.png"
"/icons/services/construction-travaux.png","https://res.cloudinary.com/dfjipgj2o/image/upload/marketplace/icons/services/construction-travaux.png","services","construction-travaux.png"
"/icons/services/couture-confection.png","https://res.cloudinary.com/dfjipgj2o/image/upload/marketplace/icons/services/couture-confection.png","services","couture-confection.png"
"/icons/services/decoration-amenagement.png","https://res.cloudinary.com/dfjipgj2o/image/upload/marketplace/icons/services/decoration-amenagement.png","services","decoration-amenagement.png"
"/icons/services/ecoles-formations.png","https://res.cloudinary.com/dfjipgj2o/image/upload/marketplace/icons/services/ecoles-formations.png","services","ecoles-formations.png"
"/icons/services/esthetique-beaute.png","https://res.cloudinary.com/dfjipgj2o/image/upload/marketplace/icons/services/esthetique-beaute.png","services","esthetique-beaute.png"
"/icons/services/evenements-divertissement.png","https://res.cloudinary.com/dfjipgj2o/image/upload/marketplace/icons/services/evenements-divertissement.png","services","evenements-divertissement.png"
"/icons/services/flashage-installation-jeux.png","https://res.cloudinary.com/dfjipgj2o/image/upload/marketplace/icons/services/flashage-installation-jeux.png","services","flashage-installation-jeux.png"
"/icons/services/flashage-reparation-telephones.png","https://res.cloudinary.com/dfjipgj2o/image/upload/marketplace/icons/services/flashage-reparation-telephones.png","services","flashage-reparation-telephones.png"
"/icons/services/froid-climatisation.png","https://res.cloudinary.com/dfjipgj2o/image/upload/marketplace/icons/services/froid-climatisation.png","services","froid-climatisation.png"
"/icons/services/hotellerie-restauration-salles.png","https://res.cloudinary.com/dfjipgj2o/image/upload/marketplace/icons/services/hotellerie-restauration-salles.png","services","hotellerie-restauration-salles.png"
"/icons/services/image-son.png","https://res.cloudinary.com/dfjipgj2o/image/upload/marketplace/icons/services/image-son.png","services","image-son.png"
"/icons/services/impression-edition.png","https://res.cloudinary.com/dfjipgj2o/image/upload/marketplace/icons/services/impression-edition.png","services","impression-edition.png"
"/icons/services/industrie-fabrication-services.png","https://res.cloudinary.com/dfjipgj2o/image/upload/marketplace/icons/services/industrie-fabrication-services.png","services","industrie-fabrication-services.png"
"/icons/services/juridique.png","https://res.cloudinary.com/dfjipgj2o/image/upload/marketplace/icons/services/juridique.png","services","juridique.png"
"/icons/services/location-vehicules.png","https://res.cloudinary.com/dfjipgj2o/image/upload/marketplace/icons/services/location-vehicules.png","services","location-vehicules.png"
"/icons/services/maintenance-informatique.png","https://res.cloudinary.com/dfjipgj2o/image/upload/marketplace/icons/services/maintenance-informatique.png","services","maintenance-informatique.png"
"/icons/services/medecine-sante.png","https://res.cloudinary.com/dfjipgj2o/image/upload/marketplace/icons/services/medecine-sante.png","services","medecine-sante.png"
"/icons/services/menuiserie-meubles.png","https://res.cloudinary.com/dfjipgj2o/image/upload/marketplace/icons/services/menuiserie-meubles.png","services","menuiserie-meubles.png"
"/icons/services/nettoyage-jardinage.png","https://res.cloudinary.com/dfjipgj2o/image/upload/marketplace/icons/services/nettoyage-jardinage.png","services","nettoyage-jardinage.png"
"/icons/services/paraboles-demos.png","https://res.cloudinary.com/dfjipgj2o/image/upload/marketplace/icons/services/paraboles-demos.png","services","paraboles-demos.png"
"/icons/services/projets-etudes.png","https://res.cloudinary.com/dfjipgj2o/image/upload/marketplace/icons/services/projets-etudes.png","services","projets-etudes.png"
"/icons/services/publicite-communication.png","https://res.cloudinary.com/dfjipgj2o/image/upload/marketplace/icons/services/publicite-communication.png","services","publicite-communication.png"
"/icons/services/reparation-auto-diagnostic.png","https://res.cloudinary.com/dfjipgj2o/image/upload/marketplace/icons/services/reparation-auto-diagnostic.png","services","reparation-auto-diagnostic.png"
"/icons/services/reparation-electromenager.png","https://res.cloudinary.com/dfjipgj2o/image/upload/marketplace/icons/services/reparation-electromenager.png","services","reparation-electromenager.png"
"/icons/services/reparation-electronique.png","https://res.cloudinary.com/dfjipgj2o/image/upload/marketplace/icons/services/reparation-electronique.png","services","reparation-electronique.png"
"/icons/services/securite-alarme.png","https://res.cloudinary.com/dfjipgj2o/image/upload/marketplace/icons/services/securite-alarme.png","services","securite-alarme.png"
"/icons/services/services-etranger.png","https://res.cloudinary.com/dfjipgj2o/image/upload/marketplace/icons/services/services-etranger.png","services","services-etranger.png"
"/icons/services/services.png","https://res.cloudinary.com/dfjipgj2o/image/upload/marketplace/icons/services/services.png","services","services.png"
"/icons/services/traiteurs-gateaux.png","https://res.cloudinary.com/dfjipgj2o/image/upload/marketplace/icons/services/traiteurs-gateaux.png","services","traiteurs-gateaux.png"
"/icons/services/transport-demenagement.png","https://res.cloudinary.com/dfjipgj2o/image/upload/marketplace/icons/services/transport-demenagement.png","services","transport-demenagement.png"
"/icons/sport/autres-sports.png","https://res.cloudinary.com/dfjipgj2o/image/upload/marketplace/icons/sport/autres-sports.png","sport","autres-sports.png"
"/icons/sport/equitation.png","https://res.cloudinary.com/dfjipgj2o/image/upload/marketplace/icons/sport/equitation.png","sport","equitation.png"
"/icons/sport/fitness-musculation/autres-equipements-fitness.png","https://res.cloudinary.com/dfjipgj2o/image/upload/marketplace/icons/sport/fitness-musculation/autres-equipements-fitness.png","sport","autres-equipements-fitness.png"
"/icons/sport/fitness-musculation/bancs-presses.png","https://res.cloudinary.com/dfjipgj2o/image/upload/marketplace/icons/sport/fitness-musculation/bancs-presses.png","sport","bancs-presses.png"
"/icons/sport/fitness-musculation/poids-halteres.png","https://res.cloudinary.com/dfjipgj2o/image/upload/marketplace/icons/sport/fitness-musculation/poids-halteres.png","sport","poids-halteres.png"
"/icons/sport/fitness-musculation/tapis-roulants.png","https://res.cloudinary.com/dfjipgj2o/image/upload/marketplace/icons/sport/fitness-musculation/tapis-roulants.png","sport","tapis-roulants.png"
"/icons/sport/fitness-musculation/velos-rameurs.png","https://res.cloudinary.com/dfjipgj2o/image/upload/marketplace/icons/sport/fitness-musculation/velos-rameurs.png","sport","velos-rameurs.png"
"/icons/sport/fitness-musculation.png","https://res.cloudinary.com/dfjipgj2o/image/upload/marketplace/icons/sport/fitness-musculation.png","sport","fitness-musculation.png"
"/icons/sport/football/ballons-buts.png","https://res.cloudinary.com/dfjipgj2o/image/upload/marketplace/icons/sport/football/ballons-buts.png","sport","ballons-buts.png"
"/icons/sport/football/chaussures-football.png","https://res.cloudinary.com/dfjipgj2o/image/upload/marketplace/icons/sport/football/chaussures-football.png","sport","chaussures-football.png"
"/icons/sport/football/equipements-accessoires-foot.png","https://res.cloudinary.com/dfjipgj2o/image/upload/marketplace/icons/sport/football/equipements-accessoires-foot.png","sport","equipements-accessoires-foot.png"
"/icons/sport/football/vetements-football.png","https://res.cloudinary.com/dfjipgj2o/image/upload/marketplace/icons/sport/football/vetements-football.png","sport","vetements-football.png"
"/icons/sport/football.png","https://res.cloudinary.com/dfjipgj2o/image/upload/marketplace/icons/sport/football.png","sport","football.png"
"/icons/sport/hand-voley-basket/ballons-buts-filets.png","https://res.cloudinary.com/dfjipgj2o/image/upload/marketplace/icons/sport/hand-voley-basket/ballons-buts-filets.png","sport","ballons-buts-filets.png"
"/icons/sport/hand-voley-basket/chaussures-basket.png","https://res.cloudinary.com/dfjipgj2o/image/upload/marketplace/icons/sport/hand-voley-basket/chaussures-basket.png","sport","chaussures-basket.png"
"/icons/sport/hand-voley-basket/equipements-accessoires-basket.png","https://res.cloudinary.com/dfjipgj2o/image/upload/marketplace/icons/sport/hand-voley-basket/equipements-accessoires-basket.png","sport","equipements-accessoires-basket.png"
"/icons/sport/hand-voley-basket/vetements-basket.png","https://res.cloudinary.com/dfjipgj2o/image/upload/marketplace/icons/sport/hand-voley-basket/vetements-basket.png","sport","vetements-basket.png"
"/icons/sport/hand-voley-basket.png","https://res.cloudinary.com/dfjipgj2o/image/upload/marketplace/icons/sport/hand-voley-basket.png","sport","hand-voley-basket.png"
"/icons/sport/natation/autres-accessoires-natation.png","https://res.cloudinary.com/dfjipgj2o/image/upload/marketplace/icons/sport/natation/autres-accessoires-natation.png","sport","autres-accessoires-natation.png"
"/icons/sport/natation/bonnets.png","https://res.cloudinary.com/dfjipgj2o/image/upload/marketplace/icons/sport/natation/bonnets.png","sport","bonnets.png"
"/icons/sport/natation/lunettes-natation.png","https://res.cloudinary.com/dfjipgj2o/image/upload/marketplace/icons/sport/natation/lunettes-natation.png","sport","lunettes-natation.png"
"/icons/sport/natation/maillots-combinaisons.png","https://res.cloudinary.com/dfjipgj2o/image/upload/marketplace/icons/sport/natation/maillots-combinaisons.png","sport","maillots-combinaisons.png"
"/icons/sport/natation/palmes.png","https://res.cloudinary.com/dfjipgj2o/image/upload/marketplace/icons/sport/natation/palmes.png","sport","palmes.png"
"/icons/sport/natation/planches-flotteurs.png","https://res.cloudinary.com/dfjipgj2o/image/upload/marketplace/icons/sport/natation/planches-flotteurs.png","sport","planches-flotteurs.png"
"/icons/sport/natation.png","https://res.cloudinary.com/dfjipgj2o/image/upload/marketplace/icons/sport/natation.png","sport","natation.png"
"/icons/sport/petanque.png","https://res.cloudinary.com/dfjipgj2o/image/upload/marketplace/icons/sport/petanque.png","sport","petanque.png"
"/icons/sport/sport-aquatiques.png","https://res.cloudinary.com/dfjipgj2o/image/upload/marketplace/icons/sport/sport-aquatiques.png","sport","sport-aquatiques.png"
"/icons/sport/sport-combat/autres-accessoires-combat.png","https://res.cloudinary.com/dfjipgj2o/image/upload/marketplace/icons/sport/sport-combat/autres-accessoires-combat.png","sport","autres-accessoires-combat.png"
"/icons/sport/sport-combat/gants-casques.png","https://res.cloudinary.com/dfjipgj2o/image/upload/marketplace/icons/sport/sport-combat/gants-casques.png","sport","gants-casques.png"
"/icons/sport/sport-combat/tenue-combat.png","https://res.cloudinary.com/dfjipgj2o/image/upload/marketplace/icons/sport/sport-combat/tenue-combat.png","sport","tenue-combat.png"
"/icons/sport/sport-combat.png","https://res.cloudinary.com/dfjipgj2o/image/upload/marketplace/icons/sport/sport-combat.png","sport","sport-combat.png"
"/icons/sport/sport.png","https://res.cloudinary.com/dfjipgj2o/image/upload/marketplace/icons/sport/sport.png","sport","sport.png"
"/icons/sport/sports-raquette/autre-raquette.png","https://res.cloudinary.com/dfjipgj2o/image/upload/marketplace/icons/sport/sports-raquette/autre-raquette.png","sport","autre-raquette.png"
"/icons/sport/sports-raquette/tennis-table.png","https://res.cloudinary.com/dfjipgj2o/image/upload/marketplace/icons/sport/sports-raquette/tennis-table.png","sport","tennis-table.png"
"/icons/sport/sports-raquette/tennis.png","https://res.cloudinary.com/dfjipgj2o/image/upload/marketplace/icons/sport/sports-raquette/tennis.png","sport","tennis.png"
"/icons/sport/sports-raquette.png","https://res.cloudinary.com/dfjipgj2o/image/upload/marketplace/icons/sport/sports-raquette.png","sport","sports-raquette.png"
"/icons/sport/velos-trotinettes/equipements-accessoires-velo.png","https://res.cloudinary.com/dfjipgj2o/image/upload/marketplace/icons/sport/velos-trotinettes/equipements-accessoires-velo.png","sport","equipements-accessoires-velo.png"
"/icons/sport/velos-trotinettes/trotinettes.png","https://res.cloudinary.com/dfjipgj2o/image/upload/marketplace/icons/sport/velos-trotinettes/trotinettes.png","sport","trotinettes.png"
"/icons/sport/velos-trotinettes/velos.png","https://res.cloudinary.com/dfjipgj2o/image/upload/marketplace/icons/sport/velos-trotinettes/velos.png","sport","velos.png"
"/icons/sport/velos-trotinettes/vetements-chaussures-velo.png","https://res.cloudinary.com/dfjipgj2o/image/upload/marketplace/icons/sport/velos-trotinettes/vetements-chaussures-velo.png","sport","vetements-chaussures-velo.png"
"/icons/sport/velos-trotinettes.png","https://res.cloudinary.com/dfjipgj2o/image/upload/marketplace/icons/sport/velos-trotinettes.png","sport","velos-trotinettes.png"
"/icons/telephone/accessoires-telephone/coques-antichoc.png","https://res.cloudinary.com/dfjipgj2o/image/upload/marketplace/icons/telephone/accessoires-telephone/coques-antichoc.png","telephone","coques-antichoc.png"
"/icons/telephone/accessoires-telephone/etuis.png","https://res.cloudinary.com/dfjipgj2o/image/upload/marketplace/icons/telephone/accessoires-telephone/etuis.png","telephone","etuis.png"
"/icons/telephone/accessoires-telephone/films-protection.png","https://res.cloudinary.com/dfjipgj2o/image/upload/marketplace/icons/telephone/accessoires-telephone/films-protection.png","telephone","films-protection.png"
"/icons/telephone/accessoires-telephone/protections-camera.png","https://res.cloudinary.com/dfjipgj2o/image/upload/marketplace/icons/telephone/accessoires-telephone/protections-camera.png","telephone","protections-camera.png"
"/icons/telephone/accessoires-telephone/protections-ecran.png","https://res.cloudinary.com/dfjipgj2o/image/upload/marketplace/icons/telephone/accessoires-telephone/protections-ecran.png","telephone","protections-ecran.png"
"/icons/telephone/accessoires-telephone.png","https://res.cloudinary.com/dfjipgj2o/image/upload/marketplace/icons/telephone/accessoires-telephone.png","telephone","accessoires-telephone.png"
"/icons/telephone/cartes-memoire/adaptateurs-carte.png","https://res.cloudinary.com/dfjipgj2o/image/upload/marketplace/icons/telephone/cartes-memoire/adaptateurs-carte.png","telephone","adaptateurs-carte.png"
"/icons/telephone/cartes-memoire/cartes-micro-sd.png","https://res.cloudinary.com/dfjipgj2o/image/upload/marketplace/icons/telephone/cartes-memoire/cartes-micro-sd.png","telephone","cartes-micro-sd.png"
"/icons/telephone/cartes-memoire/cartes-sd.png","https://res.cloudinary.com/dfjipgj2o/image/upload/marketplace/icons/telephone/cartes-memoire/cartes-sd.png","telephone","cartes-sd.png"
"/icons/telephone/cartes-memoire/cartes-sdhc.png","https://res.cloudinary.com/dfjipgj2o/image/upload/marketplace/icons/telephone/cartes-memoire/cartes-sdhc.png","telephone","cartes-sdhc.png"
"/icons/telephone/cartes-memoire/cartes-sdxc.png","https://res.cloudinary.com/dfjipgj2o/image/upload/marketplace/icons/telephone/cartes-memoire/cartes-sdxc.png","telephone","cartes-sdxc.png"
"/icons/telephone/cartes-memoire/lecteurs-carte.png","https://res.cloudinary.com/dfjipgj2o/image/upload/marketplace/icons/telephone/cartes-memoire/lecteurs-carte.png","telephone","lecteurs-carte.png"
"/icons/telephone/cartes-memoire.png","https://res.cloudinary.com/dfjipgj2o/image/upload/marketplace/icons/telephone/cartes-memoire.png","telephone","cartes-memoire.png"
"/icons/telephone/chargeurs-cables/cables-lightning.png","https://res.cloudinary.com/dfjipgj2o/image/upload/marketplace/icons/telephone/chargeurs-cables/cables-lightning.png","telephone","cables-lightning.png"
"/icons/telephone/chargeurs-cables/cables-type-c.png","https://res.cloudinary.com/dfjipgj2o/image/upload/marketplace/icons/telephone/chargeurs-cables/cables-type-c.png","telephone","cables-type-c.png"
"/icons/telephone/chargeurs-cables/cables-usb.png","https://res.cloudinary.com/dfjipgj2o/image/upload/marketplace/icons/telephone/chargeurs-cables/cables-usb.png","telephone","cables-usb.png"
"/icons/telephone/chargeurs-cables/chargeurs-mural.png","https://res.cloudinary.com/dfjipgj2o/image/upload/marketplace/icons/telephone/chargeurs-cables/chargeurs-mural.png","telephone","chargeurs-mural.png"
"/icons/telephone/chargeurs-cables/chargeurs-sans-fil.png","https://res.cloudinary.com/dfjipgj2o/image/upload/marketplace/icons/telephone/chargeurs-cables/chargeurs-sans-fil.png","telephone","chargeurs-sans-fil.png"
"/icons/telephone/chargeurs-cables/chargeurs-voiture.png","https://res.cloudinary.com/dfjipgj2o/image/upload/marketplace/icons/telephone/chargeurs-cables/chargeurs-voiture.png","telephone","chargeurs-voiture.png"
"/icons/telephone/chargeurs-cables/hubs-chargeurs.png","https://res.cloudinary.com/dfjipgj2o/image/upload/marketplace/icons/telephone/chargeurs-cables/hubs-chargeurs.png","telephone","hubs-chargeurs.png"
"/icons/telephone/chargeurs-cables.png","https://res.cloudinary.com/dfjipgj2o/image/upload/marketplace/icons/telephone/chargeurs-cables.png","telephone","chargeurs-cables.png"
"/icons/telephone/ecouteurs-son/adaptateurs-audio.png","https://res.cloudinary.com/dfjipgj2o/image/upload/marketplace/icons/telephone/ecouteurs-son/adaptateurs-audio.png","telephone","adaptateurs-audio.png"
"/icons/telephone/ecouteurs-son/casques-audio.png","https://res.cloudinary.com/dfjipgj2o/image/upload/marketplace/icons/telephone/ecouteurs-son/casques-audio.png","telephone","casques-audio.png"
"/icons/telephone/ecouteurs-son/ecouteurs-bluetooth.png","https://res.cloudinary.com/dfjipgj2o/image/upload/marketplace/icons/telephone/ecouteurs-son/ecouteurs-bluetooth.png","telephone","ecouteurs-bluetooth.png"
"/icons/telephone/ecouteurs-son/ecouteurs-filaires.png","https://res.cloudinary.com/dfjipgj2o/image/upload/marketplace/icons/telephone/ecouteurs-son/ecouteurs-filaires.png","telephone","ecouteurs-filaires.png"
"/icons/telephone/ecouteurs-son/hauts-parleurs-portables.png","https://res.cloudinary.com/dfjipgj2o/image/upload/marketplace/icons/telephone/ecouteurs-son/hauts-parleurs-portables.png","telephone","hauts-parleurs-portables.png"
"/icons/telephone/ecouteurs-son.png","https://res.cloudinary.com/dfjipgj2o/image/upload/marketplace/icons/telephone/ecouteurs-son.png","telephone","ecouteurs-son.png"
"/icons/telephone/fixes-fax.png","https://res.cloudinary.com/dfjipgj2o/image/upload/marketplace/icons/telephone/fixes-fax.png","telephone","fixes-fax.png"
"/icons/telephone/manettes-telephone/accessoires-manettes.png","https://res.cloudinary.com/dfjipgj2o/image/upload/marketplace/icons/telephone/manettes-telephone/accessoires-manettes.png","telephone","accessoires-manettes.png"
"/icons/telephone/manettes-telephone/manettes-bluetooth.png","https://res.cloudinary.com/dfjipgj2o/image/upload/marketplace/icons/telephone/manettes-telephone/manettes-bluetooth.png","telephone","manettes-bluetooth.png"
"/icons/telephone/manettes-telephone/manettes-filaires.png","https://res.cloudinary.com/dfjipgj2o/image/upload/marketplace/icons/telephone/manettes-telephone/manettes-filaires.png","telephone","manettes-filaires.png"
"/icons/telephone/manettes-telephone/manettes-pour-tablette.png","https://res.cloudinary.com/dfjipgj2o/image/upload/marketplace/icons/telephone/manettes-telephone/manettes-pour-tablette.png","telephone","manettes-pour-tablette.png"
"/icons/telephone/manettes-telephone/manettes-pour-telephone.png","https://res.cloudinary.com/dfjipgj2o/image/upload/marketplace/icons/telephone/manettes-telephone/manettes-pour-telephone.png","telephone","manettes-pour-telephone.png"
"/icons/telephone/manettes-telephone.png","https://res.cloudinary.com/dfjipgj2o/image/upload/marketplace/icons/telephone/manettes-telephone.png","telephone","manettes-telephone.png"
"/icons/telephone/offres-abonnements.png","https://res.cloudinary.com/dfjipgj2o/image/upload/marketplace/icons/telephone/offres-abonnements.png","telephone","offres-abonnements.png"
"/icons/telephone/pieces-rechange-telephone.png","https://res.cloudinary.com/dfjipgj2o/image/upload/marketplace/icons/telephone/pieces-rechange-telephone.png","telephone","pieces-rechange-telephone.png"
"/icons/telephone/power-banks/power-bank-10000mah.png","https://res.cloudinary.com/dfjipgj2o/image/upload/marketplace/icons/telephone/power-banks/power-bank-10000mah.png","telephone","power-bank-10000mah.png"
"/icons/telephone/power-banks/power-bank-20000mah.png","https://res.cloudinary.com/dfjipgj2o/image/upload/marketplace/icons/telephone/power-banks/power-bank-20000mah.png","telephone","power-bank-20000mah.png"
"/icons/telephone/power-banks/power-bank-compact.png","https://res.cloudinary.com/dfjipgj2o/image/upload/marketplace/icons/telephone/power-banks/power-bank-compact.png","telephone","power-bank-compact.png"
"/icons/telephone/power-banks/power-bank-rapide.png","https://res.cloudinary.com/dfjipgj2o/image/upload/marketplace/icons/telephone/power-banks/power-bank-rapide.png","telephone","power-bank-rapide.png"
"/icons/telephone/power-banks/power-bank-solaire.png","https://res.cloudinary.com/dfjipgj2o/image/upload/marketplace/icons/telephone/power-banks/power-bank-solaire.png","telephone","power-bank-solaire.png"
"/icons/telephone/power-banks.png","https://res.cloudinary.com/dfjipgj2o/image/upload/marketplace/icons/telephone/power-banks.png","telephone","power-banks.png"
"/icons/telephone/protection-antichoc/coques-antichoc-pro.png","https://res.cloudinary.com/dfjipgj2o/image/upload/marketplace/icons/telephone/protection-antichoc/coques-antichoc-pro.png","telephone","coques-antichoc-pro.png"
"/icons/telephone/protection-antichoc/etuis-renforces.png","https://res.cloudinary.com/dfjipgj2o/image/upload/marketplace/icons/telephone/protection-antichoc/etuis-renforces.png","telephone","etuis-renforces.png"
"/icons/telephone/protection-antichoc/films-protection-antichoc.png","https://res.cloudinary.com/dfjipgj2o/image/upload/marketplace/icons/telephone/protection-antichoc/films-protection-antichoc.png","telephone","films-protection-antichoc.png"
"/icons/telephone/protection-antichoc/protections-camera-antichoc.png","https://res.cloudinary.com/dfjipgj2o/image/upload/marketplace/icons/telephone/protection-antichoc/protections-camera-antichoc.png","telephone","protections-camera-antichoc.png"
"/icons/telephone/protection-antichoc/protections-ecran-renforcees.png","https://res.cloudinary.com/dfjipgj2o/image/upload/marketplace/icons/telephone/protection-antichoc/protections-ecran-renforcees.png","telephone","protections-ecran-renforcees.png"
"/icons/telephone/protection-antichoc.png","https://res.cloudinary.com/dfjipgj2o/image/upload/marketplace/icons/telephone/protection-antichoc.png","telephone","protection-antichoc.png"
"/icons/telephone/smartphones.png","https://res.cloudinary.com/dfjipgj2o/image/upload/marketplace/icons/telephone/smartphones.png","telephone","smartphones.png"
"/icons/telephone/smartwatchs.png","https://res.cloudinary.com/dfjipgj2o/image/upload/marketplace/icons/telephone/smartwatchs.png","telephone","smartwatchs.png"
"/icons/telephone/stylets/recharges-stylet.png","https://res.cloudinary.com/dfjipgj2o/image/upload/marketplace/icons/telephone/stylets/recharges-stylet.png","telephone","recharges-stylet.png"
"/icons/telephone/stylets/stylets-actifs.png","https://res.cloudinary.com/dfjipgj2o/image/upload/marketplace/icons/telephone/stylets/stylets-actifs.png","telephone","stylets-actifs.png"
"/icons/telephone/stylets/stylets-bluetooth.png","https://res.cloudinary.com/dfjipgj2o/image/upload/marketplace/icons/telephone/stylets/stylets-bluetooth.png","telephone","stylets-bluetooth.png"
"/icons/telephone/stylets/stylets-passifs.png","https://res.cloudinary.com/dfjipgj2o/image/upload/marketplace/icons/telephone/stylets/stylets-passifs.png","telephone","stylets-passifs.png"
"/icons/telephone/stylets/stylets-tablette.png","https://res.cloudinary.com/dfjipgj2o/image/upload/marketplace/icons/telephone/stylets/stylets-tablette.png","telephone","stylets-tablette.png"
"/icons/telephone/stylets.png","https://res.cloudinary.com/dfjipgj2o/image/upload/marketplace/icons/telephone/stylets.png","telephone","stylets.png"
"/icons/telephone/supports-stabilisateurs/barres-selfies.png","https://res.cloudinary.com/dfjipgj2o/image/upload/marketplace/icons/telephone/supports-stabilisateurs/barres-selfies.png","telephone","barres-selfies.png"
"/icons/telephone/supports-stabilisateurs/pieds-telephone.png","https://res.cloudinary.com/dfjipgj2o/image/upload/marketplace/icons/telephone/supports-stabilisateurs/pieds-telephone.png","telephone","pieds-telephone.png"
"/icons/telephone/supports-stabilisateurs/stabilisateurs.png","https://res.cloudinary.com/dfjipgj2o/image/upload/marketplace/icons/telephone/supports-stabilisateurs/stabilisateurs.png","telephone","stabilisateurs.png"
"/icons/telephone/supports-stabilisateurs/supports-telephone.png","https://res.cloudinary.com/dfjipgj2o/image/upload/marketplace/icons/telephone/supports-stabilisateurs/supports-telephone.png","telephone","supports-telephone.png"
"/icons/telephone/supports-stabilisateurs/ventouses-voiture.png","https://res.cloudinary.com/dfjipgj2o/image/upload/marketplace/icons/telephone/supports-stabilisateurs/ventouses-voiture.png","telephone","ventouses-voiture.png"
"/icons/telephone/supports-stabilisateurs.png","https://res.cloudinary.com/dfjipgj2o/image/upload/marketplace/icons/telephone/supports-stabilisateurs.png","telephone","supports-stabilisateurs.png"
"/icons/telephone/tablettes.png","https://res.cloudinary.com/dfjipgj2o/image/upload/marketplace/icons/telephone/tablettes.png","telephone","tablettes.png"
"/icons/telephone/telephone.png","https://res.cloudinary.com/dfjipgj2o/image/upload/marketplace/icons/telephone/telephone.png","telephone","telephone.png"
"/icons/telephone/telephones-cellulaires.png","https://res.cloudinary.com/dfjipgj2o/image/upload/marketplace/icons/telephone/telephones-cellulaires.png","telephone","telephones-cellulaires.png"
"/icons/telephone/vr-telephone/accessoires-vr.png","https://res.cloudinary.com/dfjipgj2o/image/upload/marketplace/icons/telephone/vr-telephone/accessoires-vr.png","telephone","accessoires-vr.png"
"/icons/telephone/vr-telephone/casques-vr.png","https://res.cloudinary.com/dfjipgj2o/image/upload/marketplace/icons/telephone/vr-telephone/casques-vr.png","telephone","casques-vr.png"
"/icons/telephone/vr-telephone/controleurs-vr.png","https://res.cloudinary.com/dfjipgj2o/image/upload/marketplace/icons/telephone/vr-telephone/controleurs-vr.png","telephone","controleurs-vr.png"
"/icons/telephone/vr-telephone/jeux-vr.png","https://res.cloudinary.com/dfjipgj2o/image/upload/marketplace/icons/telephone/vr-telephone/jeux-vr.png","telephone","jeux-vr.png"
"/icons/telephone/vr-telephone/lunettes-vr.png","https://res.cloudinary.com/dfjipgj2o/image/upload/marketplace/icons/telephone/vr-telephone/lunettes-vr.png","telephone","lunettes-vr.png"
"/icons/telephone/vr-telephone.png","https://res.cloudinary.com/dfjipgj2o/image/upload/marketplace/icons/telephone/vr-telephone.png","telephone","vr-telephone.png"
"/icons/vehicules/bateaux-barques.png","https://res.cloudinary.com/dfjipgj2o/image/upload/marketplace/icons/vehicules/bateaux-barques.png","vehicules","bateaux-barques.png"
"/icons/vehicules/bus.png","https://res.cloudinary.com/dfjipgj2o/image/upload/marketplace/icons/vehicules/bus.png","vehicules","bus.png"
"/icons/vehicules/camion.png","https://res.cloudinary.com/dfjipgj2o/image/upload/marketplace/icons/vehicules/camion.png","vehicules","camion.png"
"/icons/vehicules/engin.png","https://res.cloudinary.com/dfjipgj2o/image/upload/marketplace/icons/vehicules/engin.png","vehicules","engin.png"
"/icons/vehicules/fourgon.png","https://res.cloudinary.com/dfjipgj2o/image/upload/marketplace/icons/vehicules/fourgon.png","vehicules","fourgon.png"
"/icons/vehicules/motos-scooters.png","https://res.cloudinary.com/dfjipgj2o/image/upload/marketplace/icons/vehicules/motos-scooters.png","vehicules","motos-scooters.png"
"/icons/vehicules/quads.png","https://res.cloudinary.com/dfjipgj2o/image/upload/marketplace/icons/vehicules/quads.png","vehicules","quads.png"
"/icons/vehicules/remorques.png","https://res.cloudinary.com/dfjipgj2o/image/upload/marketplace/icons/vehicules/remorques.png","vehicules","remorques.png"
"/icons/vehicules/tracteurs.png","https://res.cloudinary.com/dfjipgj2o/image/upload/marketplace/icons/vehicules/tracteurs.png","vehicules","tracteurs.png"
"/icons/vehicules/utilitaire.png","https://res.cloudinary.com/dfjipgj2o/image/upload/marketplace/icons/vehicules/utilitaire.png","vehicules","utilitaire.png"
"/icons/vehicules/vehicules.png","https://res.cloudinary.com/dfjipgj2o/image/upload/marketplace/icons/vehicules/vehicules.png","vehicules","vehicules.png"
"/icons/vehicules/voitures.png","https://res.cloudinary.com/dfjipgj2o/image/upload/marketplace/icons/vehicules/voitures.png","vehicules","voitures.png"
"/icons/vetements/bebe/accessoires-bebe.png","https://res.cloudinary.com/dfjipgj2o/image/upload/marketplace/icons/vetements/bebe/accessoires-bebe.png","vetements","accessoires-bebe.png"
"/icons/vetements/bebe/chaussures-bebe.png","https://res.cloudinary.com/dfjipgj2o/image/upload/marketplace/icons/vetements/bebe/chaussures-bebe.png","vetements","chaussures-bebe.png"
"/icons/vetements/bebe/vetements-bebe.png","https://res.cloudinary.com/dfjipgj2o/image/upload/marketplace/icons/vetements/bebe/vetements-bebe.png","vetements","vetements-bebe.png"
"/icons/vetements/bebe.png","https://res.cloudinary.com/dfjipgj2o/image/upload/marketplace/icons/vetements/bebe.png","vetements","bebe.png"
"/icons/vetements/bijoux/accessoires-cheveux.png","https://res.cloudinary.com/dfjipgj2o/image/upload/marketplace/icons/vetements/bijoux/accessoires-cheveux.png","vetements","accessoires-cheveux.png"
"/icons/vetements/bijoux/autre-bijoux.png","https://res.cloudinary.com/dfjipgj2o/image/upload/marketplace/icons/vetements/bijoux/autre-bijoux.png","vetements","autre-bijoux.png"
"/icons/vetements/bijoux/bagues.png","https://res.cloudinary.com/dfjipgj2o/image/upload/marketplace/icons/vetements/bijoux/bagues.png","vetements","bagues.png"
"/icons/vetements/bijoux/boucles.png","https://res.cloudinary.com/dfjipgj2o/image/upload/marketplace/icons/vetements/bijoux/boucles.png","vetements","boucles.png"
"/icons/vetements/bijoux/bracelets.png","https://res.cloudinary.com/dfjipgj2o/image/upload/marketplace/icons/vetements/bijoux/bracelets.png","vetements","bracelets.png"
"/icons/vetements/bijoux/broches.png","https://res.cloudinary.com/dfjipgj2o/image/upload/marketplace/icons/vetements/bijoux/broches.png","vetements","broches.png"
"/icons/vetements/bijoux/chevilleres.png","https://res.cloudinary.com/dfjipgj2o/image/upload/marketplace/icons/vetements/bijoux/chevilleres.png","vetements","chevilleres.png"
"/icons/vetements/bijoux/colliers-pendentifs.png","https://res.cloudinary.com/dfjipgj2o/image/upload/marketplace/icons/vetements/bijoux/colliers-pendentifs.png","vetements","colliers-pendentifs.png"
"/icons/vetements/bijoux/parures.png","https://res.cloudinary.com/dfjipgj2o/image/upload/marketplace/icons/vetements/bijoux/parures.png","vetements","parures.png"
"/icons/vetements/bijoux/piercings.png","https://res.cloudinary.com/dfjipgj2o/image/upload/marketplace/icons/vetements/bijoux/piercings.png","vetements","piercings.png"
"/icons/vetements/bijoux.png","https://res.cloudinary.com/dfjipgj2o/image/upload/marketplace/icons/vetements/bijoux.png","vetements","bijoux.png"
"/icons/vetements/chaussures-femme/autre-chaussures-femme.png","https://res.cloudinary.com/dfjipgj2o/image/upload/marketplace/icons/vetements/chaussures-femme/autre-chaussures-femme.png","vetements","autre-chaussures-femme.png"
"/icons/vetements/chaussures-femme/ballerines.png","https://res.cloudinary.com/dfjipgj2o/image/upload/marketplace/icons/vetements/chaussures-femme/ballerines.png","vetements","ballerines.png"
"/icons/vetements/chaussures-femme/basquettes-femme.png","https://res.cloudinary.com/dfjipgj2o/image/upload/marketplace/icons/vetements/chaussures-femme/basquettes-femme.png","vetements","basquettes-femme.png"
"/icons/vetements/chaussures-femme/bottes-femme.png","https://res.cloudinary.com/dfjipgj2o/image/upload/marketplace/icons/vetements/chaussures-femme/bottes-femme.png","vetements","bottes-femme.png"
"/icons/vetements/chaussures-femme/escarpins.png","https://res.cloudinary.com/dfjipgj2o/image/upload/marketplace/icons/vetements/chaussures-femme/escarpins.png","vetements","escarpins.png"
"/icons/vetements/chaussures-femme/sandales-femme.png","https://res.cloudinary.com/dfjipgj2o/image/upload/marketplace/icons/vetements/chaussures-femme/sandales-femme.png","vetements","sandales-femme.png"
"/icons/vetements/chaussures-femme/tangues-pantoufles-femme.png","https://res.cloudinary.com/dfjipgj2o/image/upload/marketplace/icons/vetements/chaussures-femme/tangues-pantoufles-femme.png","vetements","tangues-pantoufles-femme.png"
"/icons/vetements/chaussures-femme.png","https://res.cloudinary.com/dfjipgj2o/image/upload/marketplace/icons/vetements/chaussures-femme.png","vetements","chaussures-femme.png"
"/icons/vetements/chaussures-homme/autre-chaussures-homme.png","https://res.cloudinary.com/dfjipgj2o/image/upload/marketplace/icons/vetements/chaussures-homme/autre-chaussures-homme.png","vetements","autre-chaussures-homme.png"
"/icons/vetements/chaussures-homme/basquettes.png","https://res.cloudinary.com/dfjipgj2o/image/upload/marketplace/icons/vetements/chaussures-homme/basquettes.png","vetements","basquettes.png"
"/icons/vetements/chaussures-homme/bottes.png","https://res.cloudinary.com/dfjipgj2o/image/upload/marketplace/icons/vetements/chaussures-homme/bottes.png","vetements","bottes.png"
"/icons/vetements/chaussures-homme/classiques.png","https://res.cloudinary.com/dfjipgj2o/image/upload/marketplace/icons/vetements/chaussures-homme/classiques.png","vetements","classiques.png"
"/icons/vetements/chaussures-homme/mocassins.png","https://res.cloudinary.com/dfjipgj2o/image/upload/marketplace/icons/vetements/chaussures-homme/mocassins.png","vetements","mocassins.png"
"/icons/vetements/chaussures-homme/sandales.png","https://res.cloudinary.com/dfjipgj2o/image/upload/marketplace/icons/vetements/chaussures-homme/sandales.png","vetements","sandales.png"
"/icons/vetements/chaussures-homme/tangues-pantoufles.png","https://res.cloudinary.com/dfjipgj2o/image/upload/marketplace/icons/vetements/chaussures-homme/tangues-pantoufles.png","vetements","tangues-pantoufles.png"
"/icons/vetements/chaussures-homme.png","https://res.cloudinary.com/dfjipgj2o/image/upload/marketplace/icons/vetements/chaussures-homme.png","vetements","chaussures-homme.png"
"/icons/vetements/filles/autre-filles.png","https://res.cloudinary.com/dfjipgj2o/image/upload/marketplace/icons/vetements/filles/autre-filles.png","vetements","autre-filles.png"
"/icons/vetements/filles/casquettes-chapeaux-filles.png","https://res.cloudinary.com/dfjipgj2o/image/upload/marketplace/icons/vetements/filles/casquettes-chapeaux-filles.png","vetements","casquettes-chapeaux-filles.png"
"/icons/vetements/filles/chaussures-filles.png","https://res.cloudinary.com/dfjipgj2o/image/upload/marketplace/icons/vetements/filles/chaussures-filles.png","vetements","chaussures-filles.png"
"/icons/vetements/filles/ensembles-filles.png","https://res.cloudinary.com/dfjipgj2o/image/upload/marketplace/icons/vetements/filles/ensembles-filles.png","vetements","ensembles-filles.png"
"/icons/vetements/filles/hauts-chemises-filles.png","https://res.cloudinary.com/dfjipgj2o/image/upload/marketplace/icons/vetements/filles/hauts-chemises-filles.png","vetements","hauts-chemises-filles.png"
"/icons/vetements/filles/joggings-survetements-filles.png","https://res.cloudinary.com/dfjipgj2o/image/upload/marketplace/icons/vetements/filles/joggings-survetements-filles.png","vetements","joggings-survetements-filles.png"
"/icons/vetements/filles/jupes-filles.png","https://res.cloudinary.com/dfjipgj2o/image/upload/marketplace/icons/vetements/filles/jupes-filles.png","vetements","jupes-filles.png"
"/icons/vetements/filles/leggings-collants.png","https://res.cloudinary.com/dfjipgj2o/image/upload/marketplace/icons/vetements/filles/leggings-collants.png","vetements","leggings-collants.png"
"/icons/vetements/filles/maillots-bain-filles.png","https://res.cloudinary.com/dfjipgj2o/image/upload/marketplace/icons/vetements/filles/maillots-bain-filles.png","vetements","maillots-bain-filles.png"
"/icons/vetements/filles/pantalons-shorts-filles.png","https://res.cloudinary.com/dfjipgj2o/image/upload/marketplace/icons/vetements/filles/pantalons-shorts-filles.png","vetements","pantalons-shorts-filles.png"
"/icons/vetements/filles/pyjamas-filles.png","https://res.cloudinary.com/dfjipgj2o/image/upload/marketplace/icons/vetements/filles/pyjamas-filles.png","vetements","pyjamas-filles.png"
"/icons/vetements/filles/robes-filles.png","https://res.cloudinary.com/dfjipgj2o/image/upload/marketplace/icons/vetements/filles/robes-filles.png","vetements","robes-filles.png"
"/icons/vetements/filles/sous-vetements-filles.png","https://res.cloudinary.com/dfjipgj2o/image/upload/marketplace/icons/vetements/filles/sous-vetements-filles.png","vetements","sous-vetements-filles.png"
"/icons/vetements/filles/vestes-gilets-filles.png","https://res.cloudinary.com/dfjipgj2o/image/upload/marketplace/icons/vetements/filles/vestes-gilets-filles.png","vetements","vestes-gilets-filles.png"
"/icons/vetements/filles.png","https://res.cloudinary.com/dfjipgj2o/image/upload/marketplace/icons/vetements/filles.png","vetements","filles.png"
"/icons/vetements/garcons/autre-garcons.png","https://res.cloudinary.com/dfjipgj2o/image/upload/marketplace/icons/vetements/garcons/autre-garcons.png","vetements","autre-garcons.png"
"/icons/vetements/garcons/casquettes-chapeaux-garcons.png","https://res.cloudinary.com/dfjipgj2o/image/upload/marketplace/icons/vetements/garcons/casquettes-chapeaux-garcons.png","vetements","casquettes-chapeaux-garcons.png"
"/icons/vetements/garcons/chaussures-garcons.png","https://res.cloudinary.com/dfjipgj2o/image/upload/marketplace/icons/vetements/garcons/chaussures-garcons.png","vetements","chaussures-garcons.png"
"/icons/vetements/garcons/costumes-garcons.png","https://res.cloudinary.com/dfjipgj2o/image/upload/marketplace/icons/vetements/garcons/costumes-garcons.png","vetements","costumes-garcons.png"
"/icons/vetements/garcons/hauts-chemises-garcons.png","https://res.cloudinary.com/dfjipgj2o/image/upload/marketplace/icons/vetements/garcons/hauts-chemises-garcons.png","vetements","hauts-chemises-garcons.png"
"/icons/vetements/garcons/kamiss-garcons.png","https://res.cloudinary.com/dfjipgj2o/image/upload/marketplace/icons/vetements/garcons/kamiss-garcons.png","vetements","kamiss-garcons.png"
"/icons/vetements/garcons/maillots-bain-garcons.png","https://res.cloudinary.com/dfjipgj2o/image/upload/marketplace/icons/vetements/garcons/maillots-bain-garcons.png","vetements","maillots-bain-garcons.png"
"/icons/vetements/garcons/pantalons-shorts-garcons.png","https://res.cloudinary.com/dfjipgj2o/image/upload/marketplace/icons/vetements/garcons/pantalons-shorts-garcons.png","vetements","pantalons-shorts-garcons.png"
"/icons/vetements/garcons/pyjamas-garcons.png","https://res.cloudinary.com/dfjipgj2o/image/upload/marketplace/icons/vetements/garcons/pyjamas-garcons.png","vetements","pyjamas-garcons.png"
"/icons/vetements/garcons/sous-vetements-garcons.png","https://res.cloudinary.com/dfjipgj2o/image/upload/marketplace/icons/vetements/garcons/sous-vetements-garcons.png","vetements","sous-vetements-garcons.png"
"/icons/vetements/garcons/survetements-joggings-garcons.png","https://res.cloudinary.com/dfjipgj2o/image/upload/marketplace/icons/vetements/garcons/survetements-joggings-garcons.png","vetements","survetements-joggings-garcons.png"
"/icons/vetements/garcons/vestes-gilets-garcons.png","https://res.cloudinary.com/dfjipgj2o/image/upload/marketplace/icons/vetements/garcons/vestes-gilets-garcons.png","vetements","vestes-gilets-garcons.png"
"/icons/vetements/garcons.png","https://res.cloudinary.com/dfjipgj2o/image/upload/marketplace/icons/vetements/garcons.png","vetements","garcons.png"
"/icons/vetements/lunettes/accessoires-lunettes.png","https://res.cloudinary.com/dfjipgj2o/image/upload/marketplace/icons/vetements/lunettes/accessoires-lunettes.png","vetements","accessoires-lunettes.png"
"/icons/vetements/lunettes/lunettes-soleil-enfants.png","https://res.cloudinary.com/dfjipgj2o/image/upload/marketplace/icons/vetements/lunettes/lunettes-soleil-enfants.png","vetements","lunettes-soleil-enfants.png"
"/icons/vetements/lunettes/lunettes-soleil-femmes.png","https://res.cloudinary.com/dfjipgj2o/image/upload/marketplace/icons/vetements/lunettes/lunettes-soleil-femmes.png","vetements","lunettes-soleil-femmes.png"
"/icons/vetements/lunettes/lunettes-soleil-hommes.png","https://res.cloudinary.com/dfjipgj2o/image/upload/marketplace/icons/vetements/lunettes/lunettes-soleil-hommes.png","vetements","lunettes-soleil-hommes.png"
"/icons/vetements/lunettes/lunettes-vue-enfants.png","https://res.cloudinary.com/dfjipgj2o/image/upload/marketplace/icons/vetements/lunettes/lunettes-vue-enfants.png","vetements","lunettes-vue-enfants.png"
"/icons/vetements/lunettes/lunettes-vue-femmes.png","https://res.cloudinary.com/dfjipgj2o/image/upload/marketplace/icons/vetements/lunettes/lunettes-vue-femmes.png","vetements","lunettes-vue-femmes.png"
"/icons/vetements/lunettes/lunettes-vue-hommes.png","https://res.cloudinary.com/dfjipgj2o/image/upload/marketplace/icons/vetements/lunettes/lunettes-vue-hommes.png","vetements","lunettes-vue-hommes.png"
"/icons/vetements/lunettes.png","https://res.cloudinary.com/dfjipgj2o/image/upload/marketplace/icons/vetements/lunettes.png","vetements","lunettes.png"
"/icons/vetements/montres/montres-femmes.png","https://res.cloudinary.com/dfjipgj2o/image/upload/marketplace/icons/vetements/montres/montres-femmes.png","vetements","montres-femmes.png"
"/icons/vetements/montres/montres-hommes.png","https://res.cloudinary.com/dfjipgj2o/image/upload/marketplace/icons/vetements/montres/montres-hommes.png","vetements","montres-hommes.png"
"/icons/vetements/montres.png","https://res.cloudinary.com/dfjipgj2o/image/upload/marketplace/icons/vetements/montres.png","vetements","montres.png"
"/icons/vetements/sacs-valises/autre-sacs.png","https://res.cloudinary.com/dfjipgj2o/image/upload/marketplace/icons/vetements/sacs-valises/autre-sacs.png","vetements","autre-sacs.png"
"/icons/vetements/sacs-valises/cabas-sport.png","https://res.cloudinary.com/dfjipgj2o/image/upload/marketplace/icons/vetements/sacs-valises/cabas-sport.png","vetements","cabas-sport.png"
"/icons/vetements/sacs-valises/pochettes-portefeuilles.png","https://res.cloudinary.com/dfjipgj2o/image/upload/marketplace/icons/vetements/sacs-valises/pochettes-portefeuilles.png","vetements","pochettes-portefeuilles.png"
"/icons/vetements/sacs-valises/sacs-dos.png","https://res.cloudinary.com/dfjipgj2o/image/upload/marketplace/icons/vetements/sacs-valises/sacs-dos.png","vetements","sacs-dos.png"
"/icons/vetements/sacs-valises/sacs-main.png","https://res.cloudinary.com/dfjipgj2o/image/upload/marketplace/icons/vetements/sacs-valises/sacs-main.png","vetements","sacs-main.png"
"/icons/vetements/sacs-valises/sacs-professionnels.png","https://res.cloudinary.com/dfjipgj2o/image/upload/marketplace/icons/vetements/sacs-valises/sacs-professionnels.png","vetements","sacs-professionnels.png"
"/icons/vetements/sacs-valises/valises.png","https://res.cloudinary.com/dfjipgj2o/image/upload/marketplace/icons/vetements/sacs-valises/valises.png","vetements","valises.png"
"/icons/vetements/sacs-valises.png","https://res.cloudinary.com/dfjipgj2o/image/upload/marketplace/icons/vetements/sacs-valises.png","vetements","sacs-valises.png"
"/icons/vetements/tenues-professionnelles.png","https://res.cloudinary.com/dfjipgj2o/image/upload/marketplace/icons/vetements/tenues-professionnelles.png","vetements","tenues-professionnelles.png"
"/icons/vetements/vetements-femme/abayas-hijabs.png","https://res.cloudinary.com/dfjipgj2o/image/upload/marketplace/icons/vetements/vetements-femme/abayas-hijabs.png","vetements","abayas-hijabs.png"
"/icons/vetements/vetements-femme/autre-femme.png","https://res.cloudinary.com/dfjipgj2o/image/upload/marketplace/icons/vetements/vetements-femme/autre-femme.png","vetements","autre-femme.png"
"/icons/vetements/vetements-femme/casquettes-chapeaux-femme.png","https://res.cloudinary.com/dfjipgj2o/image/upload/marketplace/icons/vetements/vetements-femme/casquettes-chapeaux-femme.png","vetements","casquettes-chapeaux-femme.png"
"/icons/vetements/vetements-femme/ceintures-femme.png","https://res.cloudinary.com/dfjipgj2o/image/upload/marketplace/icons/vetements/vetements-femme/ceintures-femme.png","vetements","ceintures-femme.png"
"/icons/vetements/vetements-femme/chaussettes-collants.png","https://res.cloudinary.com/dfjipgj2o/image/upload/marketplace/icons/vetements/vetements-femme/chaussettes-collants.png","vetements","chaussettes-collants.png"
"/icons/vetements/vetements-femme/ensembles.png","https://res.cloudinary.com/dfjipgj2o/image/upload/marketplace/icons/vetements/vetements-femme/ensembles.png","vetements","ensembles.png"
"/icons/vetements/vetements-femme/foulards-echarpes.png","https://res.cloudinary.com/dfjipgj2o/image/upload/marketplace/icons/vetements/vetements-femme/foulards-echarpes.png","vetements","foulards-echarpes.png"
"/icons/vetements/vetements-femme/gants-femme.png","https://res.cloudinary.com/dfjipgj2o/image/upload/marketplace/icons/vetements/vetements-femme/gants-femme.png","vetements","gants-femme.png"
"/icons/vetements/vetements-femme/hauts-chemises-femme.png","https://res.cloudinary.com/dfjipgj2o/image/upload/marketplace/icons/vetements/vetements-femme/hauts-chemises-femme.png","vetements","hauts-chemises-femme.png"
"/icons/vetements/vetements-femme/jeans-pantalons-femme.png","https://res.cloudinary.com/dfjipgj2o/image/upload/marketplace/icons/vetements/vetements-femme/jeans-pantalons-femme.png","vetements","jeans-pantalons-femme.png"
"/icons/vetements/vetements-femme/joggings-survetements-femme.png","https://res.cloudinary.com/dfjipgj2o/image/upload/marketplace/icons/vetements/vetements-femme/joggings-survetements-femme.png","vetements","joggings-survetements-femme.png"
"/icons/vetements/vetements-femme/jupes.png","https://res.cloudinary.com/dfjipgj2o/image/upload/marketplace/icons/vetements/vetements-femme/jupes.png","vetements","jupes.png"
"/icons/vetements/vetements-femme/leggings.png","https://res.cloudinary.com/dfjipgj2o/image/upload/marketplace/icons/vetements/vetements-femme/leggings.png","vetements","leggings.png"
"/icons/vetements/vetements-femme/maillots-bain-femme.png","https://res.cloudinary.com/dfjipgj2o/image/upload/marketplace/icons/vetements/vetements-femme/maillots-bain-femme.png","vetements","maillots-bain-femme.png"
"/icons/vetements/vetements-femme/mariages-fetes.png","https://res.cloudinary.com/dfjipgj2o/image/upload/marketplace/icons/vetements/vetements-femme/mariages-fetes.png","vetements","mariages-fetes.png"
"/icons/vetements/vetements-femme/maternite.png","https://res.cloudinary.com/dfjipgj2o/image/upload/marketplace/icons/vetements/vetements-femme/maternite.png","vetements","maternite.png"
"/icons/vetements/vetements-femme/peignoirs.png","https://res.cloudinary.com/dfjipgj2o/image/upload/marketplace/icons/vetements/vetements-femme/peignoirs.png","vetements","peignoirs.png"
"/icons/vetements/vetements-femme/pyjamas-femme.png","https://res.cloudinary.com/dfjipgj2o/image/upload/marketplace/icons/vetements/vetements-femme/pyjamas-femme.png","vetements","pyjamas-femme.png"
"/icons/vetements/vetements-femme/robes.png","https://res.cloudinary.com/dfjipgj2o/image/upload/marketplace/icons/vetements/vetements-femme/robes.png","vetements","robes.png"
"/icons/vetements/vetements-femme/shorts-pantacourts-femme.png","https://res.cloudinary.com/dfjipgj2o/image/upload/marketplace/icons/vetements/vetements-femme/shorts-pantacourts-femme.png","vetements","shorts-pantacourts-femme.png"
"/icons/vetements/vetements-femme/sous-vetements-lingerie.png","https://res.cloudinary.com/dfjipgj2o/image/upload/marketplace/icons/vetements/vetements-femme/sous-vetements-lingerie.png","vetements","sous-vetements-lingerie.png"
"/icons/vetements/vetements-femme/vestes-gilets-femme.png","https://res.cloudinary.com/dfjipgj2o/image/upload/marketplace/icons/vetements/vetements-femme/vestes-gilets-femme.png","vetements","vestes-gilets-femme.png"
"/icons/vetements/vetements-femme.png","https://res.cloudinary.com/dfjipgj2o/image/upload/marketplace/icons/vetements/vetements-femme.png","vetements","vetements-femme.png"
"/icons/vetements/vetements-homme/autre-homme.png","https://res.cloudinary.com/dfjipgj2o/image/upload/marketplace/icons/vetements/vetements-homme/autre-homme.png","vetements","autre-homme.png"
"/icons/vetements/vetements-homme/casquettes-chapeaux.png","https://res.cloudinary.com/dfjipgj2o/image/upload/marketplace/icons/vetements/vetements-homme/casquettes-chapeaux.png","vetements","casquettes-chapeaux.png"
"/icons/vetements/vetements-homme/ceintures.png","https://res.cloudinary.com/dfjipgj2o/image/upload/marketplace/icons/vetements/vetements-homme/ceintures.png","vetements","ceintures.png"
"/icons/vetements/vetements-homme/chaussettes.png","https://res.cloudinary.com/dfjipgj2o/image/upload/marketplace/icons/vetements/vetements-homme/chaussettes.png","vetements","chaussettes.png"
"/icons/vetements/vetements-homme/costumes-blazers.png","https://res.cloudinary.com/dfjipgj2o/image/upload/marketplace/icons/vetements/vetements-homme/costumes-blazers.png","vetements","costumes-blazers.png"
"/icons/vetements/vetements-homme/cravates.png","https://res.cloudinary.com/dfjipgj2o/image/upload/marketplace/icons/vetements/vetements-homme/cravates.png","vetements","cravates.png"
"/icons/vetements/vetements-homme/gants.png","https://res.cloudinary.com/dfjipgj2o/image/upload/marketplace/icons/vetements/vetements-homme/gants.png","vetements","gants.png"
"/icons/vetements/vetements-homme/hauts-chemises.png","https://res.cloudinary.com/dfjipgj2o/image/upload/marketplace/icons/vetements/vetements-homme/hauts-chemises.png","vetements","hauts-chemises.png"
"/icons/vetements/vetements-homme/jeans-pantalons.png","https://res.cloudinary.com/dfjipgj2o/image/upload/marketplace/icons/vetements/vetements-homme/jeans-pantalons.png","vetements","jeans-pantalons.png"
"/icons/vetements/vetements-homme/kamiss.png","https://res.cloudinary.com/dfjipgj2o/image/upload/marketplace/icons/vetements/vetements-homme/kamiss.png","vetements","kamiss.png"
"/icons/vetements/vetements-homme/maillots-bain.png","https://res.cloudinary.com/dfjipgj2o/image/upload/marketplace/icons/vetements/vetements-homme/maillots-bain.png","vetements","maillots-bain.png"
"/icons/vetements/vetements-homme/pyjamas.png","https://res.cloudinary.com/dfjipgj2o/image/upload/marketplace/icons/vetements/vetements-homme/pyjamas.png","vetements","pyjamas.png"
"/icons/vetements/vetements-homme/shorts-pantacourts.png","https://res.cloudinary.com/dfjipgj2o/image/upload/marketplace/icons/vetements/vetements-homme/shorts-pantacourts.png","vetements","shorts-pantacourts.png"
"/icons/vetements/vetements-homme/sous-vetements.png","https://res.cloudinary.com/dfjipgj2o/image/upload/marketplace/icons/vetements/vetements-homme/sous-vetements.png","vetements","sous-vetements.png"
"/icons/vetements/vetements-homme/survetements.png","https://res.cloudinary.com/dfjipgj2o/image/upload/marketplace/icons/vetements/vetements-homme/survetements.png","vetements","survetements.png"
"/icons/vetements/vetements-homme/vestes-gilets.png","https://res.cloudinary.com/dfjipgj2o/image/upload/marketplace/icons/vetements/vetements-homme/vestes-gilets.png","vetements","vestes-gilets.png"
"/icons/vetements/vetements-homme.png","https://res.cloudinary.com/dfjipgj2o/image/upload/marketplace/icons/vetements/vetements-homme.png","vetements","vetements-homme.png"
"/icons/vetements/vetements.png","https://res.cloudinary.com/dfjipgj2o/image/upload/marketplace/icons/vetements/vetements.png","vetements","vetements.png"
"/icons/voyages/autre-voyages.png","https://res.cloudinary.com/dfjipgj2o/image/upload/marketplace/icons/voyages/autre-voyages.png","voyages","autre-voyages.png"
"/icons/voyages/croisiere.png","https://res.cloudinary.com/dfjipgj2o/image/upload/marketplace/icons/voyages/croisiere.png","voyages","croisiere.png"
"/icons/voyages/hajj-omra.png","https://res.cloudinary.com/dfjipgj2o/image/upload/marketplace/icons/voyages/hajj-omra.png","voyages","hajj-omra.png"
"/icons/voyages/location-vacances-voyages.png","https://res.cloudinary.com/dfjipgj2o/image/upload/marketplace/icons/voyages/location-vacances-voyages.png","voyages","location-vacances-voyages.png"
"/icons/voyages/reservations-visa.png","https://res.cloudinary.com/dfjipgj2o/image/upload/marketplace/icons/voyages/reservations-visa.png","voyages","reservations-visa.png"
"/icons/voyages/sejour.png","https://res.cloudinary.com/dfjipgj2o/image/upload/marketplace/icons/voyages/sejour.png","voyages","sejour.png"
"/icons/voyages/voyage-organise.png","https://res.cloudinary.com/dfjipgj2o/image/upload/marketplace/icons/voyages/voyage-organise.png","voyages","voyage-organise.png"
"/icons/voyages/voyages.png","https://res.cloudinary.com/dfjipgj2o/image/upload/marketplace/icons/voyages/voyages.png","voyages","voyages.png"